시점,구분별,고용수준실적SBHI
2015.02,전산업,94.8
2015.02,식료품,92.9
2015.02,음료,100.5
2015.02,섬유제품 의복제외,104.5
2015.02,의복의복악세서리및모피제품,105.8
2015.02,가죽가방및신발,104.4
2015.02,목재및나무제품 가구제외,95.4
2015.02,펄프종이및종이제품,95.7
2015.02,인쇄및기록매체복제업,101.7
2015.02,화학물질및화학제품 의약품제외,96.9
2015.02,의료용물질및의약품,97.7
2015.02,고무제품및플라스틱제품,98.5
2015.02,비금속광물제품,99.5
2015.02,1차금속,97.8
2015.02,금속가공제품 기계및가구제외,95.8
2015.02,전자부품컴퓨터영상음향및통신장비,94.3
2015.02,의료정밀광학기기및시계,97
2015.02,전기장비,94.2
2015.02,기타기계및장비,97.1
2015.02,자동차및트레일러,97.3
2015.02,기타운송장비,86.5
2015.02,가구,91.9
2015.02,기타제품,95.3
2015.02,비제조업,93.6
2015.02,건설업,96.7
2015.02,도매 및 소매업,92.2
2015.02,운수업,95.4
2015.02,숙박 및 음식점업,91.7
2015.02,출판영상방송통신 및 정보서비스업,91.7
2015.02,부동산업 및 임대업,98
2015.02,전문과학 및 기술서비스업,92.2
2015.02,사업시설관리 및 사업지원서비스업,96.4
2015.02,교육서비스업,95.1
2015.02,예술스포츠 및 여가관련서비스업,96.4
2015.02,수리 및 기타개인서비스업,86.6
2015.03,전산업,95.3
2015.03,식료품,95.5
2015.03,음료,98.6
2015.03,섬유제품 의복제외,105.6
2015.03,의복의복악세서리및모피제품,98
2015.03,가죽가방및신발,108.2
2015.03,목재및나무제품 가구제외,94.2
2015.03,펄프종이및종이제품,95.5
2015.03,인쇄및기록매체복제업,100.9
2015.03,화학물질및화학제품 의약품제외,92
2015.03,의료용물질및의약품,96.9
2015.03,고무제품및플라스틱제품,96.4
2015.03,비금속광물제품,98.4
2015.03,1차금속,99.8
2015.03,금속가공제품 기계및가구제외,93.5
2015.03,전자부품컴퓨터영상음향및통신장비,95.7
2015.03,의료정밀광학기기및시계,94.4
2015.03,전기장비,90.2
2015.03,기타기계및장비,94.6
2015.03,자동차및트레일러,95.2
2015.03,기타운송장비,86.2
2015.03,가구,87
2015.03,기타제품,93.9
2015.03,비제조업,95.3
2015.03,건설업,97.1
2015.03,도매 및 소매업,94.5
2015.03,운수업,96.5
2015.03,숙박 및 음식점업,87.8
2015.03,출판영상방송통신 및 정보서비스업,94.9
2015.03,부동산업 및 임대업,102.5
2015.03,전문과학 및 기술서비스업,95.1
2015.03,사업시설관리 및 사업지원서비스업,95.5
2015.03,교육서비스업,98
2015.03,예술스포츠 및 여가관련서비스업,98.9
2015.03,수리 및 기타개인서비스업,92.8
2015.04,전산업,94.9
2015.04,식료품,94
2015.04,음료,99.4
2015.04,섬유제품 의복제외,99.7
2015.04,의복의복악세서리및모피제품,95.4
2015.04,가죽가방및신발,101.3
2015.04,목재및나무제품 가구제외,93.3
2015.04,펄프종이및종이제품,97.8
2015.04,인쇄및기록매체복제업,109.4
2015.04,화학물질및화학제품 의약품제외,90.3
2015.04,의료용물질및의약품,97.1
2015.04,고무제품및플라스틱제품,93.8
2015.04,비금속광물제품,100.2
2015.04,1차금속,95
2015.04,금속가공제품 기계및가구제외,92.9
2015.04,전자부품컴퓨터영상음향및통신장비,96.9
2015.04,의료정밀광학기기및시계,90.7
2015.04,전기장비,101.9
2015.04,기타기계및장비,93.9
2015.04,자동차및트레일러,99.4
2015.04,기타운송장비,90.4
2015.04,가구,92.1
2015.04,기타제품,92.5
2015.04,비제조업,94.7
2015.04,건설업,96.5
2015.04,도매 및 소매업,94
2015.04,운수업,94.4
2015.04,숙박 및 음식점업,89.8
2015.04,출판영상방송통신 및 정보서비스업,95.1
2015.04,부동산업 및 임대업,96.5
2015.04,전문과학 및 기술서비스업,95.2
2015.04,사업시설관리 및 사업지원서비스업,92.4
2015.04,교육서비스업,96.5
2015.04,예술스포츠 및 여가관련서비스업,97.7
2015.04,수리 및 기타개인서비스업,93.2
2015.05,전산업,95
2015.05,식료품,90.8
2015.05,음료,99.4
2015.05,섬유제품 의복제외,96.9
2015.05,의복의복악세서리및모피제품,96.1
2015.05,가죽가방및신발,93.9
2015.05,목재및나무제품 가구제외,95.4
2015.05,펄프종이및종이제품,96.4
2015.05,인쇄및기록매체복제업,99
2015.05,화학물질및화학제품 의약품제외,90.4
2015.05,의료용물질및의약품,94.9
2015.05,고무제품및플라스틱제품,93.8
2015.05,비금속광물제품,95.8
2015.05,1차금속,101
2015.05,금속가공제품 기계및가구제외,96.8
2015.05,전자부품컴퓨터영상음향및통신장비,100.5
2015.05,의료정밀광학기기및시계,93.8
2015.05,전기장비,90.9
2015.05,기타기계및장비,97.2
2015.05,자동차및트레일러,97.4
2015.05,기타운송장비,94.5
2015.05,가구,88.3
2015.05,기타제품,97.3
2015.05,비제조업,94.5
2015.05,건설업,99.8
2015.05,도매 및 소매업,93
2015.05,운수업,92.5
2015.05,숙박 및 음식점업,92.8
2015.05,출판영상방송통신 및 정보서비스업,93.4
2015.05,부동산업 및 임대업,97.9
2015.05,전문과학 및 기술서비스업,92.1
2015.05,사업시설관리 및 사업지원서비스업,91.4
2015.05,교육서비스업,99.6
2015.05,예술스포츠 및 여가관련서비스업,85.1
2015.05,수리 및 기타개인서비스업,87.6
2015.06,전산업,95.3
2015.06,식료품,96.5
2015.06,음료,94.9
2015.06,섬유제품 의복제외,101.4
2015.06,의복의복악세서리및모피제품,100.3
2015.06,가죽가방및신발,95.7
2015.06,목재및나무제품 가구제외,91.6
2015.06,펄프종이및종이제품,100.1
2015.06,인쇄및기록매체복제업,99.4
2015.06,화학물질및화학제품 의약품제외,97.6
2015.06,의료용물질및의약품,98.7
2015.06,고무제품및플라스틱제품,90.9
2015.06,비금속광물제품,95.8
2015.06,1차금속,102
2015.06,금속가공제품 기계및가구제외,97.1
2015.06,전자부품컴퓨터영상음향및통신장비,98.2
2015.06,의료정밀광학기기및시계,97.4
2015.06,전기장비,94.3
2015.06,기타기계및장비,95.4
2015.06,자동차및트레일러,95.8
2015.06,기타운송장비,98.5
2015.06,가구,93.5
2015.06,기타제품,102.4
2015.06,비제조업,94.3
2015.06,건설업,98.2
2015.06,도매 및 소매업,92.8
2015.06,운수업,96.7
2015.06,숙박 및 음식점업,98.5
2015.06,출판영상방송통신 및 정보서비스업,91.9
2015.06,부동산업 및 임대업,101.7
2015.06,전문과학 및 기술서비스업,91.4
2015.06,사업시설관리 및 사업지원서비스업,84.9
2015.06,교육서비스업,89.5
2015.06,예술스포츠 및 여가관련서비스업,94.8
2015.06,수리 및 기타개인서비스업,86.2
2015.07,전산업,95.1
2015.07,식료품,92.4
2015.07,음료,102.2
2015.07,섬유제품 의복제외,96.3
2015.07,의복의복악세서리및모피제품,105.1
2015.07,가죽가방및신발,100.1
2015.07,목재및나무제품 가구제외,95.7
2015.07,펄프종이및종이제품,99.3
2015.07,인쇄및기록매체복제업,105.1
2015.07,화학물질및화학제품 의약품제외,97.5
2015.07,의료용물질및의약품,98.1
2015.07,고무제품및플라스틱제품,100.2
2015.07,비금속광물제품,100.9
2015.07,1차금속,101.2
2015.07,금속가공제품 기계및가구제외,96.2
2015.07,전자부품컴퓨터영상음향및통신장비,101.6
2015.07,의료정밀광학기기및시계,96.8
2015.07,전기장비,97.3
2015.07,기타기계및장비,93.9
2015.07,자동차및트레일러,94.7
2015.07,기타운송장비,95.8
2015.07,가구,94.1
2015.07,기타제품,92.5
2015.07,비제조업,94.2
2015.07,건설업,98.5
2015.07,도매 및 소매업,93.1
2015.07,운수업,96.6
2015.07,숙박 및 음식점업,93.9
2015.07,출판영상방송통신 및 정보서비스업,94.8
2015.07,부동산업 및 임대업,97.4
2015.07,전문과학 및 기술서비스업,92.6
2015.07,사업시설관리 및 사업지원서비스업,96.1
2015.07,교육서비스업,85.2
2015.07,예술스포츠 및 여가관련서비스업,94.6
2015.07,수리 및 기타개인서비스업,89.6
2015.08,전산업,96.4
2015.08,식료품,92.9
2015.08,음료,95.6
2015.08,섬유제품 의복제외,99.8
2015.08,의복의복악세서리및모피제품,104.5
2015.08,가죽가방및신발,105.7
2015.08,목재및나무제품 가구제외,101.8
2015.08,펄프종이및종이제품,95.8
2015.08,인쇄및기록매체복제업,101.2
2015.08,화학물질및화학제품 의약품제외,98.1
2015.08,의료용물질및의약품,99.5
2015.08,고무제품및플라스틱제품,99.9
2015.08,비금속광물제품,93
2015.08,1차금속,105.2
2015.08,금속가공제품 기계및가구제외,96.1
2015.08,전자부품컴퓨터영상음향및통신장비,103.4
2015.08,의료정밀광학기기및시계,100.2
2015.08,전기장비,100.6
2015.08,기타기계및장비,98.7
2015.08,자동차및트레일러,96.2
2015.08,기타운송장비,100.1
2015.08,가구,93.2
2015.08,기타제품,91.8
2015.08,비제조업,95.4
2015.08,건설업,96.6
2015.08,도매 및 소매업,96.1
2015.08,운수업,90.7
2015.08,숙박 및 음식점업,95.8
2015.08,출판영상방송통신 및 정보서비스업,88.7
2015.08,부동산업 및 임대업,93.9
2015.08,전문과학 및 기술서비스업,92.2
2015.08,사업시설관리 및 사업지원서비스업,87.4
2015.08,교육서비스업,93.2
2015.08,예술스포츠 및 여가관련서비스업,97.1
2015.08,수리 및 기타개인서비스업,86.4
2015.09,전산업,94.3
2015.09,식료품,87.6
2015.09,음료,95.4
2015.09,섬유제품 의복제외,100.2
2015.09,의복의복악세서리및모피제품,100
2015.09,가죽가방및신발,107.2
2015.09,목재및나무제품 가구제외,99.7
2015.09,펄프종이및종이제품,95.7
2015.09,인쇄및기록매체복제업,107.5
2015.09,화학물질및화학제품 의약품제외,97.9
2015.09,의료용물질및의약품,101.3
2015.09,고무제품및플라스틱제품,93.3
2015.09,비금속광물제품,93.5
2015.09,1차금속,101.8
2015.09,금속가공제품 기계및가구제외,97.6
2015.09,전자부품컴퓨터영상음향및통신장비,99.1
2015.09,의료정밀광학기기및시계,100.2
2015.09,전기장비,97.4
2015.09,기타기계및장비,100.9
2015.09,자동차및트레일러,97.6
2015.09,기타운송장비,93.4
2015.09,가구,93.9
2015.09,기타제품,95.8
2015.09,비제조업,92.8
2015.09,건설업,95.1
2015.09,도매 및 소매업,91.9
2015.09,운수업,91.7
2015.09,숙박 및 음식점업,97.7
2015.09,출판영상방송통신 및 정보서비스업,91.8
2015.09,부동산업 및 임대업,101.7
2015.09,전문과학 및 기술서비스업,94.1
2015.09,사업시설관리 및 사업지원서비스업,92.6
2015.09,교육서비스업,92.7
2015.09,예술스포츠 및 여가관련서비스업,90.3
2015.09,수리 및 기타개인서비스업,92.1
2015.1,전산업,94.4
2015.1,식료품,88
2015.1,음료,94.4
2015.1,섬유제품 의복제외,98
2015.1,의복의복악세서리및모피제품,100.8
2015.1,가죽가방및신발,101.9
2015.1,목재및나무제품 가구제외,96.8
2015.1,펄프종이및종이제품,103.5
2015.1,인쇄및기록매체복제업,109.4
2015.1,화학물질및화학제품 의약품제외,88.2
2015.1,의료용물질및의약품,100
2015.1,고무제품및플라스틱제품,93.3
2015.1,비금속광물제품,101
2015.1,1차금속,102.6
2015.1,금속가공제품 기계및가구제외,92.9
2015.1,전자부품컴퓨터영상음향및통신장비,98.4
2015.1,의료정밀광학기기및시계,95.6
2015.1,전기장비,99.1
2015.1,기타기계및장비,98.8
2015.1,자동차및트레일러,97
2015.1,기타운송장비,104.3
2015.1,가구,94.6
2015.1,기타제품,93.4
2015.1,비제조업,93.5
2015.1,건설업,93.9
2015.1,도매 및 소매업,93.6
2015.1,운수업,92.7
2015.1,숙박 및 음식점업,97.1
2015.1,출판영상방송통신 및 정보서비스업,90.1
2015.1,부동산업 및 임대업,104.2
2015.1,전문과학 및 기술서비스업,93.3
2015.1,사업시설관리 및 사업지원서비스업,85.5
2015.1,교육서비스업,88
2015.1,예술스포츠 및 여가관련서비스업,88.5
2015.1,수리 및 기타개인서비스업,85.7
2015.11,전산업,94.7
2015.11,식료품,90.9
2015.11,음료,99.4
2015.11,섬유제품 의복제외,96.8
2015.11,의복의복악세서리및모피제품,99.8
2015.11,가죽가방및신발,103.6
2015.11,목재및나무제품 가구제외,97.7
2015.11,펄프종이및종이제품,98.5
2015.11,인쇄및기록매체복제업,97.7
2015.11,화학물질및화학제품 의약품제외,99
2015.11,의료용물질및의약품,99
2015.11,고무제품및플라스틱제품,98.6
2015.11,비금속광물제품,96.1
2015.11,1차금속,103.9
2015.11,금속가공제품 기계및가구제외,98.9
2015.11,전자부품컴퓨터영상음향및통신장비,104.9
2015.11,의료정밀광학기기및시계,97.1
2015.11,전기장비,99
2015.11,기타기계및장비,101.7
2015.11,자동차및트레일러,101
2015.11,기타운송장비,99.5
2015.11,가구,92.6
2015.11,기타제품,87.5
2015.11,비제조업,92.6
2015.11,건설업,95.1
2015.11,도매 및 소매업,91.7
2015.11,운수업,95.4
2015.11,숙박 및 음식점업,94.6
2015.11,출판영상방송통신 및 정보서비스업,89.1
2015.11,부동산업 및 임대업,99.9
2015.11,전문과학 및 기술서비스업,91.8
2015.11,사업시설관리 및 사업지원서비스업,92.2
2015.11,교육서비스업,97.5
2015.11,예술스포츠 및 여가관련서비스업,86.4
2015.11,수리 및 기타개인서비스업,87.3
2015.12,전산업,95.8
2015.12,식료품,94.8
2015.12,음료,109.1
2015.12,섬유제품 의복제외,99.6
2015.12,의복의복악세서리및모피제품,103.1
2015.12,가죽가방및신발,106.3
2015.12,목재및나무제품 가구제외,95.1
2015.12,펄프종이및종이제품,100.1
2015.12,인쇄및기록매체복제업,97.8
2015.12,화학물질및화학제품 의약품제외,96.4
2015.12,의료용물질및의약품,97.2
2015.12,고무제품및플라스틱제품,98.3
2015.12,비금속광물제품,98.8
2015.12,1차금속,103
2015.12,금속가공제품 기계및가구제외,97.9
2015.12,전자부품컴퓨터영상음향및통신장비,104.4
2015.12,의료정밀광학기기및시계,95.3
2015.12,전기장비,94.4
2015.12,기타기계및장비,97.5
2015.12,자동차및트레일러,99
2015.12,기타운송장비,101.6
2015.12,가구,93.8
2015.12,기타제품,91.1
2015.12,비제조업,94.6
2015.12,건설업,96.8
2015.12,도매 및 소매업,94.1
2015.12,운수업,96.1
2015.12,숙박 및 음식점업,94.4
2015.12,출판영상방송통신 및 정보서비스업,89.4
2015.12,부동산업 및 임대업,96.2
2015.12,전문과학 및 기술서비스업,94.3
2015.12,사업시설관리 및 사업지원서비스업,90.8
2015.12,교육서비스업,98
2015.12,예술스포츠 및 여가관련서비스업,96.3
2015.12,수리 및 기타개인서비스업,86.8
2016.01,전산업,96.6
2016.01,식료품,93.3
2016.01,음료,102.3
2016.01,섬유제품 의복제외,103.7
2016.01,의복의복악세서리및모피제품,98.8
2016.01,가죽가방및신발,109.9
2016.01,목재및나무제품 가구제외,97.3
2016.01,펄프종이및종이제품,96.5
2016.01,인쇄및기록매체복제업,98.4
2016.01,화학물질및화학제품 의약품제외,96.3
2016.01,의료용물질및의약품,100
2016.01,고무제품및플라스틱제품,95.8
2016.01,비금속광물제품,99.5
2016.01,1차금속,96.8
2016.01,금속가공제품 기계및가구제외,99
2016.01,전자부품컴퓨터영상음향및통신장비,101.6
2016.01,의료정밀광학기기및시계,89.8
2016.01,전기장비,94.2
2016.01,기타기계및장비,101.9
2016.01,자동차및트레일러,101.7
2016.01,기타운송장비,101.1
2016.01,가구,95.1
2016.01,기타제품,92
2016.01,비제조업,95.8
2016.01,건설업,95.7
2016.01,도매 및 소매업,96.5
2016.01,운수업,95
2016.01,숙박 및 음식점업,92
2016.01,출판영상방송통신 및 정보서비스업,92.1
2016.01,부동산업 및 임대업,97.3
2016.01,전문과학 및 기술서비스업,92.3
2016.01,사업시설관리 및 사업지원서비스업,95
2016.01,교육서비스업,94.2
2016.01,예술스포츠 및 여가관련서비스업,95.2
2016.01,수리 및 기타개인서비스업,91.2
2016.02,전산업,95.6
2016.02,식료품,97.4
2016.02,음료,100.3
2016.02,섬유제품 의복제외,103.2
2016.02,의복의복악세서리및모피제품,102.2
2016.02,가죽가방및신발,110.4
2016.02,목재및나무제품 가구제외,98.5
2016.02,펄프종이및종이제품,93.4
2016.02,인쇄및기록매체복제업,100.3
2016.02,화학물질및화학제품 의약품제외,102.2
2016.02,의료용물질및의약품,100.6
2016.02,고무제품및플라스틱제품,99.5
2016.02,비금속광물제품,97.6
2016.02,1차금속,100.2
2016.02,금속가공제품 기계및가구제외,97.1
2016.02,전자부품컴퓨터영상음향및통신장비,97.4
2016.02,의료정밀광학기기및시계,102.6
2016.02,전기장비,97.7
2016.02,기타기계및장비,99.2
2016.02,자동차및트레일러,103
2016.02,기타운송장비,103.4
2016.02,가구,93.4
2016.02,기타제품,94.4
2016.02,비제조업,94
2016.02,건설업,93.5
2016.02,도매 및 소매업,94.1
2016.02,운수업,93.3
2016.02,숙박 및 음식점업,93
2016.02,출판영상방송통신 및 정보서비스업,93.3
2016.02,부동산업 및 임대업,100.8
2016.02,전문과학 및 기술서비스업,94.8
2016.02,사업시설관리 및 사업지원서비스업,95.1
2016.02,교육서비스업,89.6
2016.02,예술스포츠 및 여가관련서비스업,97.9
2016.02,수리 및 기타개인서비스업,87.9
2016.03,전산업,95.6
2016.03,식료품,93.6
2016.03,음료,95.4
2016.03,섬유제품 의복제외,98.7
2016.03,의복의복악세서리및모피제품,103.5
2016.03,가죽가방및신발,98.7
2016.03,목재및나무제품 가구제외,98.5
2016.03,펄프종이및종이제품,93.6
2016.03,인쇄및기록매체복제업,97.9
2016.03,화학물질및화학제품 의약품제외,95.7
2016.03,의료용물질및의약품,98.1
2016.03,고무제품및플라스틱제품,93.3
2016.03,비금속광물제품,95.8
2016.03,1차금속,100.8
2016.03,금속가공제품 기계및가구제외,95.4
2016.03,전자부품컴퓨터영상음향및통신장비,104.5
2016.03,의료정밀광학기기및시계,98.8
2016.03,전기장비,96.6
2016.03,기타기계및장비,101
2016.03,자동차및트레일러,96.4
2016.03,기타운송장비,101.5
2016.03,가구,92.1
2016.03,기타제품,94.2
2016.03,비제조업,94.2
2016.03,건설업,96.9
2016.03,도매 및 소매업,93.1
2016.03,운수업,90.9
2016.03,숙박 및 음식점업,93.6
2016.03,출판영상방송통신 및 정보서비스업,98.4
2016.03,부동산업 및 임대업,103.6
2016.03,전문과학 및 기술서비스업,92.9
2016.03,사업시설관리 및 사업지원서비스업,93
2016.03,교육서비스업,94.5
2016.03,예술스포츠 및 여가관련서비스업,91.7
2016.03,수리 및 기타개인서비스업,89.3
2016.04,전산업,95
2016.04,식료품,94.4
2016.04,음료,95.4
2016.04,섬유제품 의복제외,98.9
2016.04,의복의복악세서리및모피제품,99.8
2016.04,가죽가방및신발,104.9
2016.04,목재및나무제품 가구제외,93.6
2016.04,펄프종이및종이제품,90
2016.04,인쇄및기록매체복제업,100.7
2016.04,화학물질및화학제품 의약품제외,94.7
2016.04,의료용물질및의약품,94
2016.04,고무제품및플라스틱제품,95.9
2016.04,비금속광물제품,93.5
2016.04,1차금속,101.4
2016.04,금속가공제품 기계및가구제외,95.4
2016.04,전자부품컴퓨터영상음향및통신장비,107.3
2016.04,의료정밀광학기기및시계,99.8
2016.04,전기장비,99.3
2016.04,기타기계및장비,100.8
2016.04,자동차및트레일러,94.3
2016.04,기타운송장비,96.4
2016.04,가구,92.9
2016.04,기타제품,90
2016.04,비제조업,93.1
2016.04,건설업,99.3
2016.04,도매 및 소매업,92.5
2016.04,운수업,92.5
2016.04,숙박 및 음식점업,91.5
2016.04,출판영상방송통신 및 정보서비스업,96.1
2016.04,부동산업 및 임대업,92.4
2016.04,전문과학 및 기술서비스업,96.1
2016.04,사업시설관리 및 사업지원서비스업,89.6
2016.04,교육서비스업,79.7
2016.04,예술스포츠 및 여가관련서비스업,89.9
2016.04,수리 및 기타개인서비스업,87.5
2016.05,전산업,96.4
2016.05,식료품,89.2
2016.05,음료,89.4
2016.05,섬유제품 의복제외,94.6
2016.05,의복의복악세서리및모피제품,101
2016.05,가죽가방및신발,104.4
2016.05,목재및나무제품 가구제외,95.1
2016.05,펄프종이및종이제품,93.3
2016.05,인쇄및기록매체복제업,105.3
2016.05,화학물질및화학제품 의약품제외,104.7
2016.05,의료용물질및의약품,95
2016.05,고무제품및플라스틱제품,95.8
2016.05,비금속광물제품,94.1
2016.05,1차금속,101
2016.05,금속가공제품 기계및가구제외,96
2016.05,전자부품컴퓨터영상음향및통신장비,103.6
2016.05,의료정밀광학기기및시계,98
2016.05,전기장비,94.6
2016.05,기타기계및장비,103.7
2016.05,자동차및트레일러,101.2
2016.05,기타운송장비,97.8
2016.05,가구,109.8
2016.05,기타제품,92.3
2016.05,비제조업,94.8
2016.05,건설업,96.5
2016.05,도매 및 소매업,94.4
2016.05,운수업,91
2016.05,숙박 및 음식점업,92
2016.05,출판영상방송통신 및 정보서비스업,98.7
2016.05,부동산업 및 임대업,99.6
2016.05,전문과학 및 기술서비스업,96.6
2016.05,사업시설관리 및 사업지원서비스업,92.4
2016.05,교육서비스업,95.3
2016.05,예술스포츠 및 여가관련서비스업,85.4
2016.05,수리 및 기타개인서비스업,88.9
2016.06,전산업,95.6
2016.06,식료품,91.2
2016.06,음료,95.6
2016.06,섬유제품 의복제외,95
2016.06,의복의복악세서리및모피제품,96.9
2016.06,가죽가방및신발,100.2
2016.06,목재및나무제품 가구제외,94
2016.06,펄프종이및종이제품,88.5
2016.06,인쇄및기록매체복제업,97.8
2016.06,화학물질및화학제품 의약품제외,97
2016.06,의료용물질및의약품,95.2
2016.06,고무제품및플라스틱제품,97.2
2016.06,비금속광물제품,94.6
2016.06,1차금속,98.8
2016.06,금속가공제품 기계및가구제외,96.3
2016.06,전자부품컴퓨터영상음향및통신장비,101.1
2016.06,의료정밀광학기기및시계,99.2
2016.06,전기장비,97
2016.06,기타기계및장비,97.2
2016.06,자동차및트레일러,96.6
2016.06,기타운송장비,95.8
2016.06,가구,91.3
2016.06,기타제품,91.6
2016.06,비제조업,94.9
2016.06,건설업,95.8
2016.06,도매 및 소매업,94.4
2016.06,운수업,91.9
2016.06,숙박 및 음식점업,91.2
2016.06,출판영상방송통신 및 정보서비스업,98.5
2016.06,부동산업 및 임대업,97.6
2016.06,전문과학 및 기술서비스업,98.2
2016.06,사업시설관리 및 사업지원서비스업,97.4
2016.06,교육서비스업,97.4
2016.06,예술스포츠 및 여가관련서비스업,87
2016.06,수리 및 기타개인서비스업,85.6
2016.07,전산업,95.9
2016.07,식료품,95.3
2016.07,음료,88.1
2016.07,섬유제품 의복제외,94.8
2016.07,의복의복악세서리및모피제품,99.6
2016.07,가죽가방및신발,103.2
2016.07,목재및나무제품 가구제외,96.6
2016.07,펄프종이및종이제품,96.5
2016.07,인쇄및기록매체복제업,103
2016.07,화학물질및화학제품 의약품제외,94.1
2016.07,의료용물질및의약품,103.9
2016.07,고무제품및플라스틱제품,94.6
2016.07,비금속광물제품,89.8
2016.07,1차금속,101
2016.07,금속가공제품 기계및가구제외,99.3
2016.07,전자부품컴퓨터영상음향및통신장비,95.2
2016.07,의료정밀광학기기및시계,98
2016.07,전기장비,97.8
2016.07,기타기계및장비,96.9
2016.07,자동차및트레일러,97.8
2016.07,기타운송장비,101.3
2016.07,가구,101.7
2016.07,기타제품,88.2
2016.07,비제조업,95.2
2016.07,건설업,95.5
2016.07,도매 및 소매업,95.6
2016.07,운수업,91.2
2016.07,숙박 및 음식점업,93.1
2016.07,출판영상방송통신 및 정보서비스업,97.2
2016.07,부동산업 및 임대업,96.4
2016.07,전문과학 및 기술서비스업,95.6
2016.07,사업시설관리 및 사업지원서비스업,94.5
2016.07,교육서비스업,96.4
2016.07,예술스포츠 및 여가관련서비스업,94.2
2016.07,수리 및 기타개인서비스업,84.5
2016.08,전산업,94.9
2016.08,식료품,94.7
2016.08,음료,87
2016.08,섬유제품 의복제외,93.1
2016.08,의복의복악세서리및모피제품,98.4
2016.08,가죽가방및신발,98.4
2016.08,목재및나무제품 가구제외,100.9
2016.08,펄프종이및종이제품,94.9
2016.08,인쇄및기록매체복제업,96
2016.08,화학물질및화학제품 의약품제외,92.9
2016.08,의료용물질및의약품,98.5
2016.08,고무제품및플라스틱제품,98.1
2016.08,비금속광물제품,96.3
2016.08,1차금속,97.6
2016.08,금속가공제품 기계및가구제외,96.5
2016.08,전자부품컴퓨터영상음향및통신장비,98.6
2016.08,의료정밀광학기기및시계,95.9
2016.08,전기장비,95
2016.08,기타기계및장비,98.6
2016.08,자동차및트레일러,100.2
2016.08,기타운송장비,103.6
2016.08,가구,95.5
2016.08,기타제품,87
2016.08,비제조업,93.7
2016.08,건설업,92.3
2016.08,도매 및 소매업,94
2016.08,운수업,91.3
2016.08,숙박 및 음식점업,95.5
2016.08,출판영상방송통신 및 정보서비스업,98.2
2016.08,부동산업 및 임대업,100.6
2016.08,전문과학 및 기술서비스업,98.2
2016.08,사업시설관리 및 사업지원서비스업,93.4
2016.08,교육서비스업,82.9
2016.08,예술스포츠 및 여가관련서비스업,92.1
2016.08,수리 및 기타개인서비스업,86.6
2016.09,전산업,94.8
2016.09,식료품,89.7
2016.09,음료,87.4
2016.09,섬유제품 의복제외,95.7
2016.09,의복의복악세서리및모피제품,101.7
2016.09,가죽가방및신발,100
2016.09,목재및나무제품 가구제외,99.2
2016.09,펄프종이및종이제품,91.7
2016.09,인쇄및기록매체복제업,95.6
2016.09,화학물질및화학제품 의약품제외,85.5
2016.09,의료용물질및의약품,99.9
2016.09,고무제품및플라스틱제품,101.3
2016.09,비금속광물제품,95.7
2016.09,1차금속,95.5
2016.09,금속가공제품 기계및가구제외,98
2016.09,전자부품컴퓨터영상음향및통신장비,100.5
2016.09,의료정밀광학기기및시계,100.1
2016.09,전기장비,92.9
2016.09,기타기계및장비,102.5
2016.09,자동차및트레일러,96.2
2016.09,기타운송장비,100.5
2016.09,가구,101.1
2016.09,기타제품,88.1
2016.09,비제조업,94
2016.09,건설업,95.6
2016.09,도매 및 소매업,92.5
2016.09,운수업,87.5
2016.09,숙박 및 음식점업,91.6
2016.09,출판영상방송통신 및 정보서비스업,100.7
2016.09,부동산업 및 임대업,100
2016.09,전문과학 및 기술서비스업,97.6
2016.09,사업시설관리 및 사업지원서비스업,94.4
2016.09,교육서비스업,98
2016.09,예술스포츠 및 여가관련서비스업,92.5
2016.09,수리 및 기타개인서비스업,88.6
2016.1,전산업,93.9
2016.1,식료품,87.8
2016.1,음료,89.2
2016.1,섬유제품 의복제외,86.4
2016.1,의복의복악세서리및모피제품,100.5
2016.1,가죽가방및신발,97.8
2016.1,목재및나무제품 가구제외,96.6
2016.1,펄프종이및종이제품,90.1
2016.1,인쇄및기록매체복제업,98.8
2016.1,화학물질및화학제품 의약품제외,92.9
2016.1,의료용물질및의약품,99.4
2016.1,고무제품및플라스틱제품,95.6
2016.1,비금속광물제품,94.1
2016.1,1차금속,98.1
2016.1,금속가공제품 기계및가구제외,98.1
2016.1,전자부품컴퓨터영상음향및통신장비,95.4
2016.1,의료정밀광학기기및시계,95.4
2016.1,전기장비,90.4
2016.1,기타기계및장비,99.7
2016.1,자동차및트레일러,95.2
2016.1,기타운송장비,102.7
2016.1,가구,93.9
2016.1,기타제품,88
2016.1,비제조업,92.8
2016.1,건설업,92
2016.1,도매 및 소매업,92.6
2016.1,운수업,91.2
2016.1,숙박 및 음식점업,94.5
2016.1,출판영상방송통신 및 정보서비스업,97.8
2016.1,부동산업 및 임대업,96.4
2016.1,전문과학 및 기술서비스업,94.9
2016.1,사업시설관리 및 사업지원서비스업,93.4
2016.1,교육서비스업,94.3
2016.1,예술스포츠 및 여가관련서비스업,89.6
2016.1,수리 및 기타개인서비스업,88.8
2016.11,전산업,94
2016.11,식료품,94.6
2016.11,음료,85.7
2016.11,섬유제품 의복제외,91.9
2016.11,의복의복악세서리및모피제품,96.5
2016.11,가죽가방및신발,103.6
2016.11,목재및나무제품 가구제외,89
2016.11,펄프종이및종이제품,91.4
2016.11,인쇄및기록매체복제업,96.7
2016.11,화학물질및화학제품 의약품제외,97.7
2016.11,의료용물질및의약품,96.8
2016.11,고무제품및플라스틱제품,98.1
2016.11,비금속광물제품,91.3
2016.11,1차금속,96.9
2016.11,금속가공제품 기계및가구제외,100.3
2016.11,전자부품컴퓨터영상음향및통신장비,102.2
2016.11,의료정밀광학기기및시계,100
2016.11,전기장비,90.5
2016.11,기타기계및장비,93.9
2016.11,자동차및트레일러,94.9
2016.11,기타운송장비,102.1
2016.11,가구,94.5
2016.11,기타제품,94.8
2016.11,비제조업,92.5
2016.11,건설업,88.8
2016.11,도매 및 소매업,93.6
2016.11,운수업,89.8
2016.11,숙박 및 음식점업,94.7
2016.11,출판영상방송통신 및 정보서비스업,94.9
2016.11,부동산업 및 임대업,90.1
2016.11,전문과학 및 기술서비스업,93.4
2016.11,사업시설관리 및 사업지원서비스업,94.8
2016.11,교육서비스업,94.4
2016.11,예술스포츠 및 여가관련서비스업,92.9
2016.11,수리 및 기타개인서비스업,90.9
2016.12,전산업,94.4
2016.12,식료품,93.1
2016.12,음료,89
2016.12,섬유제품 의복제외,97.7
2016.12,의복의복악세서리및모피제품,99.1
2016.12,가죽가방및신발,99.8
2016.12,목재및나무제품 가구제외,89.4
2016.12,펄프종이및종이제품,93.4
2016.12,인쇄및기록매체복제업,97.4
2016.12,화학물질및화학제품 의약품제외,96.1
2016.12,의료용물질및의약품,94.7
2016.12,고무제품및플라스틱제품,99.9
2016.12,비금속광물제품,92.3
2016.12,1차금속,96.9
2016.12,금속가공제품 기계및가구제외,96.8
2016.12,전자부품컴퓨터영상음향및통신장비,100.4
2016.12,의료정밀광학기기및시계,95.4
2016.12,전기장비,91.8
2016.12,기타기계및장비,98.5
2016.12,자동차및트레일러,98.5
2016.12,기타운송장비,102.5
2016.12,가구,92.1
2016.12,기타제품,90.2
2016.12,비제조업,92.7
2016.12,건설업,91.2
2016.12,도매 및 소매업,92.3
2016.12,운수업,89.8
2016.12,숙박 및 음식점업,98.5
2016.12,출판영상방송통신 및 정보서비스업,96
2016.12,부동산업 및 임대업,98.3
2016.12,전문과학 및 기술서비스업,97.1
2016.12,사업시설관리 및 사업지원서비스업,92.9
2016.12,교육서비스업,93.8
2016.12,예술스포츠 및 여가관련서비스업,95.6
2016.12,수리 및 기타개인서비스업,91.1
2017.01,전산업,94.9
2017.01,식료품,96.2
2017.01,음료,100
2017.01,섬유제품 의복제외,95.4
2017.01,의복의복악세서리및모피제품,97
2017.01,가죽가방및신발,102.5
2017.01,목재및나무제품 가구제외,93
2017.01,펄프종이및종이제품,89.9
2017.01,인쇄및기록매체복제업,96.1
2017.01,화학물질및화학제품 의약품제외,96.2
2017.01,의료용물질및의약품,95.5
2017.01,고무제품및플라스틱제품,101.2
2017.01,비금속광물제품,92.4
2017.01,1차금속,100.2
2017.01,금속가공제품 기계및가구제외,96.2
2017.01,전자부품컴퓨터영상음향및통신장비,101.5
2017.01,의료정밀광학기기및시계,91.4
2017.01,전기장비,95.6
2017.01,기타기계및장비,105.1
2017.01,자동차및트레일러,97.5
2017.01,기타운송장비,99.3
2017.01,가구,94.5
2017.01,기타제품,93
2017.01,비제조업,92.4
2017.01,건설업,93.9
2017.01,도매 및 소매업,90.3
2017.01,운수업,91.6
2017.01,숙박 및 음식점업,95.2
2017.01,출판영상방송통신 및 정보서비스업,97
2017.01,부동산업 및 임대업,95.8
2017.01,전문과학 및 기술서비스업,96.1
2017.01,사업시설관리 및 사업지원서비스업,98.7
2017.01,교육서비스업,94.6
2017.01,예술스포츠 및 여가관련서비스업,92.7
2017.01,수리 및 기타개인서비스업,91.3
2017.02,전산업,96.1
2017.02,식료품,93
2017.02,음료,90.1
2017.02,섬유제품 의복제외,99.3
2017.02,의복의복악세서리및모피제품,100.1
2017.02,가죽가방및신발,102.8
2017.02,목재및나무제품 가구제외,94.6
2017.02,펄프종이및종이제품,93.9
2017.02,인쇄및기록매체복제업,99.6
2017.02,화학물질및화학제품 의약품제외,96.3
2017.02,의료용물질및의약품,98
2017.02,고무제품및플라스틱제품,100.6
2017.02,비금속광물제품,92.7
2017.02,1차금속,99.7
2017.02,금속가공제품 기계및가구제외,96.2
2017.02,전자부품컴퓨터영상음향및통신장비,103
2017.02,의료정밀광학기기및시계,87.5
2017.02,전기장비,100.8
2017.02,기타기계및장비,105.1
2017.02,자동차및트레일러,91.8
2017.02,기타운송장비,102.8
2017.02,가구,89.5
2017.02,기타제품,92.5
2017.02,비제조업,94.4
2017.02,건설업,96.9
2017.02,도매 및 소매업,92.9
2017.02,운수업,91.9
2017.02,숙박 및 음식점업,101.8
2017.02,출판영상방송통신 및 정보서비스업,95
2017.02,부동산업 및 임대업,95.2
2017.02,전문과학 및 기술서비스업,93.2
2017.02,사업시설관리 및 사업지원서비스업,99
2017.02,교육서비스업,95.9
2017.02,예술스포츠 및 여가관련서비스업,91.4
2017.02,수리 및 기타개인서비스업,91.2
2017.03,전산업,95.6
2017.03,식료품,93.1
2017.03,음료,96.6
2017.03,섬유제품 의복제외,95.3
2017.03,의복의복악세서리및모피제품,96.1
2017.03,가죽가방및신발,99.3
2017.03,목재및나무제품 가구제외,92.7
2017.03,펄프종이및종이제품,94.5
2017.03,인쇄및기록매체복제업,99.3
2017.03,화학물질및화학제품 의약품제외,94.3
2017.03,의료용물질및의약품,93.9
2017.03,고무제품및플라스틱제품,95.1
2017.03,비금속광물제품,95.3
2017.03,1차금속,94.1
2017.03,금속가공제품 기계및가구제외,95.6
2017.03,전자부품컴퓨터영상음향및통신장비,97
2017.03,의료정밀광학기기및시계,93.7
2017.03,전기장비,92.8
2017.03,기타기계및장비,99.4
2017.03,자동차및트레일러,96.9
2017.03,기타운송장비,97.6
2017.03,가구,90.2
2017.03,기타제품,89.1
2017.03,비제조업,95.6
2017.03,건설업,95
2017.03,도매 및 소매업,96.5
2017.03,운수업,89.7
2017.03,숙박 및 음식점업,95.4
2017.03,출판영상방송통신 및 정보서비스업,96.6
2017.03,부동산업 및 임대업,95.6
2017.03,전문과학 및 기술서비스업,92.7
2017.03,사업시설관리 및 사업지원서비스업,97
2017.03,교육서비스업,98.9
2017.03,예술스포츠 및 여가관련서비스업,92.9
2017.03,수리 및 기타개인서비스업,91.9
2017.04,전산업,94.8
2017.04,식료품,93.2
2017.04,음료,90.1
2017.04,섬유제품 의복제외,99.6
2017.04,의복의복악세서리및모피제품,95
2017.04,가죽가방및신발,98.9
2017.04,목재및나무제품 가구제외,88.3
2017.04,펄프종이및종이제품,89.5
2017.04,인쇄및기록매체복제업,93.9
2017.04,화학물질및화학제품 의약품제외,97.9
2017.04,의료용물질및의약품,92
2017.04,고무제품및플라스틱제품,96.1
2017.04,비금속광물제품,90
2017.04,1차금속,97.5
2017.04,금속가공제품 기계및가구제외,95.4
2017.04,전자부품컴퓨터영상음향및통신장비,96.6
2017.04,의료정밀광학기기및시계,94.4
2017.04,전기장비,95.5
2017.04,기타기계및장비,98.8
2017.04,자동차및트레일러,93.1
2017.04,기타운송장비,102.2
2017.04,가구,89.7
2017.04,기타제품,93.8
2017.04,비제조업,94.2
2017.04,건설업,92.4
2017.04,도매 및 소매업,95.7
2017.04,운수업,90.1
2017.04,숙박 및 음식점업,94.5
2017.04,출판영상방송통신 및 정보서비스업,95.3
2017.04,부동산업 및 임대업,96.1
2017.04,전문과학 및 기술서비스업,89.3
2017.04,사업시설관리 및 사업지원서비스업,94.7
2017.04,교육서비스업,95.1
2017.04,예술스포츠 및 여가관련서비스업,88.7
2017.04,수리 및 기타개인서비스업,89.2
2017.05,전산업,95.2
2017.05,식료품,93.7
2017.05,음료,92.5
2017.05,섬유제품 의복제외,96
2017.05,의복의복악세서리및모피제품,91.2
2017.05,가죽가방및신발,104.3
2017.05,목재및나무제품 가구제외,96.7
2017.05,펄프종이및종이제품,89.8
2017.05,인쇄및기록매체복제업,102.8
2017.05,화학물질및화학제품 의약품제외,95.8
2017.05,의료용물질및의약품,95.8
2017.05,고무제품및플라스틱제품,96
2017.05,비금속광물제품,92.3
2017.05,1차금속,96.6
2017.05,금속가공제품 기계및가구제외,95.9
2017.05,전자부품컴퓨터영상음향및통신장비,99.5
2017.05,의료정밀광학기기및시계,96.1
2017.05,전기장비,96.2
2017.05,기타기계및장비,100
2017.05,자동차및트레일러,94.1
2017.05,기타운송장비,101.2
2017.05,가구,96.2
2017.05,기타제품,88.5
2017.05,비제조업,94.4
2017.05,건설업,94.7
2017.05,도매 및 소매업,94.8
2017.05,운수업,91.9
2017.05,숙박 및 음식점업,91.5
2017.05,출판영상방송통신 및 정보서비스업,94.5
2017.05,부동산업 및 임대업,96.7
2017.05,전문과학 및 기술서비스업,92
2017.05,사업시설관리 및 사업지원서비스업,95.2
2017.05,교육서비스업,96.7
2017.05,예술스포츠 및 여가관련서비스업,89.1
2017.05,수리 및 기타개인서비스업,91.1
2017.06,전산업,95.1
2017.06,식료품,89.6
2017.06,음료,87.5
2017.06,섬유제품 의복제외,97.9
2017.06,의복의복악세서리및모피제품,97
2017.06,가죽가방및신발,100.7
2017.06,목재및나무제품 가구제외,86.5
2017.06,펄프종이및종이제품,95
2017.06,인쇄및기록매체복제업,98.7
2017.06,화학물질및화학제품 의약품제외,94.3
2017.06,의료용물질및의약품,92.6
2017.06,고무제품및플라스틱제품,99.3
2017.06,비금속광물제품,87.5
2017.06,1차금속,97.3
2017.06,금속가공제품 기계및가구제외,96
2017.06,전자부품컴퓨터영상음향및통신장비,101.5
2017.06,의료정밀광학기기및시계,92.2
2017.06,전기장비,98
2017.06,기타기계및장비,99.5
2017.06,자동차및트레일러,97.1
2017.06,기타운송장비,101.8
2017.06,가구,93.7
2017.06,기타제품,89.7
2017.06,비제조업,94
2017.06,건설업,94.6
2017.06,도매 및 소매업,94
2017.06,운수업,90
2017.06,숙박 및 음식점업,93.2
2017.06,출판영상방송통신 및 정보서비스업,97
2017.06,부동산업 및 임대업,94.8
2017.06,전문과학 및 기술서비스업,93.3
2017.06,사업시설관리 및 사업지원서비스업,92.9
2017.06,교육서비스업,97.4
2017.06,예술스포츠 및 여가관련서비스업,88.3
2017.06,수리 및 기타개인서비스업,91.6
2017.07,전산업,95.6
2017.07,식료품,92.1
2017.07,음료,91.1
2017.07,섬유제품 의복제외,96.3
2017.07,의복의복악세서리및모피제품,93.5
2017.07,가죽가방및신발,107
2017.07,목재및나무제품 가구제외,85.8
2017.07,펄프종이및종이제품,90.5
2017.07,인쇄및기록매체복제업,98.2
2017.07,화학물질및화학제품 의약품제외,96.5
2017.07,의료용물질및의약품,94.4
2017.07,고무제품및플라스틱제품,98.5
2017.07,비금속광물제품,92.5
2017.07,1차금속,98.1
2017.07,금속가공제품 기계및가구제외,98
2017.07,전자부품컴퓨터영상음향및통신장비,98.4
2017.07,의료정밀광학기기및시계,93
2017.07,전기장비,96.9
2017.07,기타기계및장비,103.3
2017.07,자동차및트레일러,103.9
2017.07,기타운송장비,100.6
2017.07,가구,99.9
2017.07,기타제품,89.6
2017.07,비제조업,93.8
2017.07,건설업,95
2017.07,도매 및 소매업,94
2017.07,운수업,90.3
2017.07,숙박 및 음식점업,89
2017.07,출판영상방송통신 및 정보서비스업,95.5
2017.07,부동산업 및 임대업,93.8
2017.07,전문과학 및 기술서비스업,90.1
2017.07,사업시설관리 및 사업지원서비스업,94.3
2017.07,교육서비스업,96.7
2017.07,예술스포츠 및 여가관련서비스업,91.8
2017.07,수리 및 기타개인서비스업,92.2
2017.08,전산업,95.2
2017.08,식료품,90
2017.08,음료,87.5
2017.08,섬유제품 의복제외,95.4
2017.08,의복의복악세서리및모피제품,98.7
2017.08,가죽가방및신발,111
2017.08,목재및나무제품 가구제외,90.6
2017.08,펄프종이및종이제품,91.1
2017.08,인쇄및기록매체복제업,94.5
2017.08,화학물질및화학제품 의약품제외,93.5
2017.08,의료용물질및의약품,96.3
2017.08,고무제품및플라스틱제품,97.8
2017.08,비금속광물제품,92.7
2017.08,1차금속,101.2
2017.08,금속가공제품 기계및가구제외,95.8
2017.08,전자부품컴퓨터영상음향및통신장비,100
2017.08,의료정밀광학기기및시계,92.5
2017.08,전기장비,98.5
2017.08,기타기계및장비,104.2
2017.08,자동차및트레일러,100.6
2017.08,기타운송장비,105.6
2017.08,가구,94.3
2017.08,기타제품,91.8
2017.08,비제조업,93.2
2017.08,건설업,93.5
2017.08,도매 및 소매업,93.8
2017.08,운수업,86.5
2017.08,숙박 및 음식점업,89.2
2017.08,출판영상방송통신 및 정보서비스업,94.9
2017.08,부동산업 및 임대업,93.9
2017.08,전문과학 및 기술서비스업,91.4
2017.08,사업시설관리 및 사업지원서비스업,95.7
2017.08,교육서비스업,95.3
2017.08,예술스포츠 및 여가관련서비스업,94.2
2017.08,수리 및 기타개인서비스업,90.4
2017.09,전산업,94.6
2017.09,식료품,85
2017.09,음료,90.1
2017.09,섬유제품 의복제외,91.3
2017.09,의복의복악세서리및모피제품,95.6
2017.09,가죽가방및신발,101.6
2017.09,목재및나무제품 가구제외,90
2017.09,펄프종이및종이제품,87.5
2017.09,인쇄및기록매체복제업,95.9
2017.09,화학물질및화학제품 의약품제외,96.3
2017.09,의료용물질및의약품,95.5
2017.09,고무제품및플라스틱제품,96.6
2017.09,비금속광물제품,93
2017.09,1차금속,97.1
2017.09,금속가공제품 기계및가구제외,95.2
2017.09,전자부품컴퓨터영상음향및통신장비,97.9
2017.09,의료정밀광학기기및시계,93.3
2017.09,전기장비,96.6
2017.09,기타기계및장비,103.7
2017.09,자동차및트레일러,98.5
2017.09,기타운송장비,107.6
2017.09,가구,92.7
2017.09,기타제품,89.5
2017.09,비제조업,93.3
2017.09,건설업,93.1
2017.09,도매 및 소매업,93.6
2017.09,운수업,89.8
2017.09,숙박 및 음식점업,96.2
2017.09,출판영상방송통신 및 정보서비스업,94.9
2017.09,부동산업 및 임대업,97
2017.09,전문과학 및 기술서비스업,88.4
2017.09,사업시설관리 및 사업지원서비스업,94.3
2017.09,교육서비스업,98.2
2017.09,예술스포츠 및 여가관련서비스업,86.1
2017.09,수리 및 기타개인서비스업,90
2017.1,전산업,95.7
2017.1,식료품,85.9
2017.1,음료,90.2
2017.1,섬유제품 의복제외,90.2
2017.1,의복의복악세서리및모피제품,98.6
2017.1,가죽가방및신발,105
2017.1,목재및나무제품 가구제외,91.1
2017.1,펄프종이및종이제품,91.2
2017.1,인쇄및기록매체복제업,97.1
2017.1,화학물질및화학제품 의약품제외,92
2017.1,의료용물질및의약품,93.7
2017.1,고무제품및플라스틱제품,96.6
2017.1,비금속광물제품,90
2017.1,1차금속,96.4
2017.1,금속가공제품 기계및가구제외,98.1
2017.1,전자부품컴퓨터영상음향및통신장비,102.9
2017.1,의료정밀광학기기및시계,96.3
2017.1,전기장비,92.1
2017.1,기타기계및장비,106.2
2017.1,자동차및트레일러,102.2
2017.1,기타운송장비,102.4
2017.1,가구,96.9
2017.1,기타제품,91.2
2017.1,비제조업,94.4
2017.1,건설업,95.9
2017.1,도매 및 소매업,94
2017.1,운수업,92.5
2017.1,숙박 및 음식점업,95.6
2017.1,출판영상방송통신 및 정보서비스업,95.1
2017.1,부동산업 및 임대업,100.4
2017.1,전문과학 및 기술서비스업,92.2
2017.1,사업시설관리 및 사업지원서비스업,94
2017.1,교육서비스업,97.5
2017.1,예술스포츠 및 여가관련서비스업,90.8
2017.1,수리 및 기타개인서비스업,89.7
2017.11,전산업,94.8
2017.11,식료품,86.6
2017.11,음료,90.3
2017.11,섬유제품 의복제외,85.2
2017.11,의복의복악세서리및모피제품,101.4
2017.11,가죽가방및신발,105.9
2017.11,목재및나무제품 가구제외,90.5
2017.11,펄프종이및종이제품,85.2
2017.11,인쇄및기록매체복제업,94.3
2017.11,화학물질및화학제품 의약품제외,95.8
2017.11,의료용물질및의약품,99.4
2017.11,고무제품및플라스틱제품,95.2
2017.11,비금속광물제품,90.6
2017.11,1차금속,93
2017.11,금속가공제품 기계및가구제외,100.5
2017.11,전자부품컴퓨터영상음향및통신장비,105.4
2017.11,의료정밀광학기기및시계,97.9
2017.11,전기장비,96.4
2017.11,기타기계및장비,100.6
2017.11,자동차및트레일러,97
2017.11,기타운송장비,106.3
2017.11,가구,94
2017.11,기타제품,92.5
2017.11,비제조업,93.5
2017.11,건설업,95.6
2017.11,도매 및 소매업,92.6
2017.11,운수업,91
2017.11,숙박 및 음식점업,95.1
2017.11,출판영상방송통신 및 정보서비스업,95.2
2017.11,부동산업 및 임대업,96.1
2017.11,전문과학 및 기술서비스업,92.1
2017.11,사업시설관리 및 사업지원서비스업,93.7
2017.11,교육서비스업,96.8
2017.11,예술스포츠 및 여가관련서비스업,90.8
2017.11,수리 및 기타개인서비스업,92
2017.12,전산업,95.5
2017.12,식료품,92
2017.12,음료,94.2
2017.12,섬유제품 의복제외,87.9
2017.12,의복의복악세서리및모피제품,99.6
2017.12,가죽가방및신발,108.2
2017.12,목재및나무제품 가구제외,89
2017.12,펄프종이및종이제품,90
2017.12,인쇄및기록매체복제업,90
2017.12,화학물질및화학제품 의약품제외,92.5
2017.12,의료용물질및의약품,100.4
2017.12,고무제품및플라스틱제품,96.8
2017.12,비금속광물제품,96.1
2017.12,1차금속,98.6
2017.12,금속가공제품 기계및가구제외,96.7
2017.12,전자부품컴퓨터영상음향및통신장비,105.6
2017.12,의료정밀광학기기및시계,102.1
2017.12,전기장비,96.6
2017.12,기타기계및장비,102.5
2017.12,자동차및트레일러,96
2017.12,기타운송장비,109.8
2017.12,가구,91.1
2017.12,기타제품,89.6
2017.12,비제조업,94.2
2017.12,건설업,97.4
2017.12,도매 및 소매업,93.3
2017.12,운수업,88.9
2017.12,숙박 및 음식점업,96
2017.12,출판영상방송통신 및 정보서비스업,92.3
2017.12,부동산업 및 임대업,97.9
2017.12,전문과학 및 기술서비스업,93.2
2017.12,사업시설관리 및 사업지원서비스업,94.9
2017.12,교육서비스업,92.3
2017.12,예술스포츠 및 여가관련서비스업,94.8
2017.12,수리 및 기타개인서비스업,95.3
2018.01,전산업,95
2018.01,식료품,98.2
2018.01,음료,97.8
2018.01,섬유제품 의복제외,92.1
2018.01,의복의복악세서리및모피제품,102.7
2018.01,가죽가방및신발,109
2018.01,목재및나무제품 가구제외,84.9
2018.01,펄프종이및종이제품,87.3
2018.01,인쇄및기록매체복제업,103.7
2018.01,화학물질및화학제품 의약품제외,93.3
2018.01,의료용물질및의약품,96.7
2018.01,고무제품및플라스틱제품,100
2018.01,비금속광물제품,98.5
2018.01,1차금속,96.7
2018.01,금속가공제품 기계및가구제외,102.1
2018.01,전자부품컴퓨터영상음향및통신장비,97.9
2018.01,의료정밀광학기기및시계,99.3
2018.01,전기장비,96
2018.01,기타기계및장비,103.1
2018.01,자동차및트레일러,100
2018.01,기타운송장비,106.2
2018.01,가구,92.2
2018.01,기타제품,95
2018.01,비제조업,92.3
2018.01,건설업,97.1
2018.01,도매 및 소매업,90
2018.01,운수업,87.1
2018.01,숙박 및 음식점업,96.5
2018.01,출판영상방송통신 및 정보서비스업,92.9
2018.01,부동산업 및 임대업,91.8
2018.01,전문과학 및 기술서비스업,93
2018.01,사업시설관리 및 사업지원서비스업,97.6
2018.01,교육서비스업,96.2
2018.01,예술스포츠 및 여가관련서비스업,94.4
2018.01,수리 및 기타개인서비스업,93.1
2018.02,전산업,97.7
2018.02,식료품,94
2018.02,음료,97.1
2018.02,섬유제품 의복제외,91.5
2018.02,의복의복악세서리및모피제품,98.3
2018.02,가죽가방및신발,105.5
2018.02,목재및나무제품 가구제외,93.3
2018.02,펄프종이및종이제품,91.9
2018.02,인쇄및기록매체복제업,100.9
2018.02,화학물질및화학제품 의약품제외,96.4
2018.02,의료용물질및의약품,99
2018.02,고무제품및플라스틱제품,98.7
2018.02,비금속광물제품,101.2
2018.02,1차금속,94.5
2018.02,금속가공제품 기계및가구제외,104.8
2018.02,전자부품컴퓨터영상음향및통신장비,101.5
2018.02,의료정밀광학기기및시계,99.3
2018.02,전기장비,100
2018.02,기타기계및장비,105.7
2018.02,자동차및트레일러,99.5
2018.02,기타운송장비,105.8
2018.02,가구,94.6
2018.02,기타제품,96.9
2018.02,비제조업,96.2
2018.02,건설업,99.6
2018.02,도매 및 소매업,96.2
2018.02,운수업,89.9
2018.02,숙박 및 음식점업,97.8
2018.02,출판영상방송통신 및 정보서비스업,92.1
2018.02,부동산업 및 임대업,96.1
2018.02,전문과학 및 기술서비스업,93.9
2018.02,사업시설관리 및 사업지원서비스업,97.7
2018.02,교육서비스업,96.1
2018.02,예술스포츠 및 여가관련서비스업,94.5
2018.02,수리 및 기타개인서비스업,92.5
2018.03,전산업,95.5
2018.03,식료품,94.2
2018.03,음료,100
2018.03,섬유제품 의복제외,94.7
2018.03,의복의복악세서리및모피제품,102.6
2018.03,가죽가방및신발,106.3
2018.03,목재및나무제품 가구제외,90.7
2018.03,펄프종이및종이제품,89.2
2018.03,인쇄및기록매체복제업,96.6
2018.03,화학물질및화학제품 의약품제외,95.8
2018.03,의료용물질및의약품,96.2
2018.03,고무제품및플라스틱제품,96.7
2018.03,비금속광물제품,91.4
2018.03,1차금속,93.5
2018.03,금속가공제품 기계및가구제외,100.9
2018.03,전자부품컴퓨터영상음향및통신장비,104.4
2018.03,의료정밀광학기기및시계,98.6
2018.03,전기장비,95.5
2018.03,기타기계및장비,101.7
2018.03,자동차및트레일러,96.3
2018.03,기타운송장비,104.8
2018.03,가구,97
2018.03,기타제품,92.3
2018.03,비제조업,93.9
2018.03,건설업,95.8
2018.03,도매 및 소매업,92.4
2018.03,운수업,89.3
2018.03,숙박 및 음식점업,103.9
2018.03,출판영상방송통신 및 정보서비스업,94
2018.03,부동산업 및 임대업,94.9
2018.03,전문과학 및 기술서비스업,95.6
2018.03,사업시설관리 및 사업지원서비스업,96.2
2018.03,교육서비스업,94.3
2018.03,예술스포츠 및 여가관련서비스업,92.4
2018.03,수리 및 기타개인서비스업,93
2018.04,전산업,95
2018.04,식료품,91.3
2018.04,음료,97.1
2018.04,섬유제품 의복제외,92.5
2018.04,의복의복악세서리및모피제품,99.7
2018.04,가죽가방및신발,102.9
2018.04,목재및나무제품 가구제외,89.1
2018.04,펄프종이및종이제품,88.3
2018.04,인쇄및기록매체복제업,101.2
2018.04,화학물질및화학제품 의약품제외,92.3
2018.04,의료용물질및의약품,94.3
2018.04,고무제품및플라스틱제품,97.6
2018.04,비금속광물제품,88.9
2018.04,1차금속,96.6
2018.04,금속가공제품 기계및가구제외,97.1
2018.04,전자부품컴퓨터영상음향및통신장비,99.9
2018.04,의료정밀광학기기및시계,98
2018.04,전기장비,98.6
2018.04,기타기계및장비,101.4
2018.04,자동차및트레일러,94.6
2018.04,기타운송장비,98.2
2018.04,가구,103.8
2018.04,기타제품,99.2
2018.04,비제조업,93.8
2018.04,건설업,95.2
2018.04,도매 및 소매업,93.2
2018.04,운수업,91.6
2018.04,숙박 및 음식점업,94.4
2018.04,출판영상방송통신 및 정보서비스업,95.2
2018.04,부동산업 및 임대업,95.4
2018.04,전문과학 및 기술서비스업,94.1
2018.04,사업시설관리 및 사업지원서비스업,91.7
2018.04,교육서비스업,97.3
2018.04,예술스포츠 및 여가관련서비스업,94.2
2018.04,수리 및 기타개인서비스업,93.4
2018.05,전산업,96.6
2018.05,식료품,93.2
2018.05,음료,90
2018.05,섬유제품 의복제외,85.3
2018.05,의복의복악세서리및모피제품,99
2018.05,가죽가방및신발,99.4
2018.05,목재및나무제품 가구제외,97.7
2018.05,펄프종이및종이제품,89.7
2018.05,인쇄및기록매체복제업,95.6
2018.05,화학물질및화학제품 의약품제외,98.5
2018.05,의료용물질및의약품,96.7
2018.05,고무제품및플라스틱제품,98.1
2018.05,비금속광물제품,92.1
2018.05,1차금속,98.1
2018.05,금속가공제품 기계및가구제외,96.6
2018.05,전자부품컴퓨터영상음향및통신장비,102.8
2018.05,의료정밀광학기기및시계,95.3
2018.05,전기장비,94
2018.05,기타기계및장비,103.8
2018.05,자동차및트레일러,102.4
2018.05,기타운송장비,95.4
2018.05,가구,96.8
2018.05,기타제품,92.5
2018.05,비제조업,96
2018.05,건설업,95.3
2018.05,도매 및 소매업,97.3
2018.05,운수업,91.2
2018.05,숙박 및 음식점업,94.5
2018.05,출판영상방송통신 및 정보서비스업,95
2018.05,부동산업 및 임대업,93.4
2018.05,전문과학 및 기술서비스업,96.8
2018.05,사업시설관리 및 사업지원서비스업,95.9
2018.05,교육서비스업,94.9
2018.05,예술스포츠 및 여가관련서비스업,90
2018.05,수리 및 기타개인서비스업,93.6
2018.06,전산업,95.2
2018.06,식료품,94.8
2018.06,음료,96.4
2018.06,섬유제품 의복제외,92.8
2018.06,의복의복악세서리및모피제품,101.3
2018.06,가죽가방및신발,99.4
2018.06,목재및나무제품 가구제외,91.9
2018.06,펄프종이및종이제품,90.2
2018.06,인쇄및기록매체복제업,97.9
2018.06,화학물질및화학제품 의약품제외,94.7
2018.06,의료용물질및의약품,96.4
2018.06,고무제품및플라스틱제품,98.4
2018.06,비금속광물제품,90.1
2018.06,1차금속,99.6
2018.06,금속가공제품 기계및가구제외,96
2018.06,전자부품컴퓨터영상음향및통신장비,99.4
2018.06,의료정밀광학기기및시계,92
2018.06,전기장비,97.9
2018.06,기타기계및장비,101.2
2018.06,자동차및트레일러,96.5
2018.06,기타운송장비,102.3
2018.06,가구,97.8
2018.06,기타제품,91.5
2018.06,비제조업,93.8
2018.06,건설업,95.8
2018.06,도매 및 소매업,93.2
2018.06,운수업,89.4
2018.06,숙박 및 음식점업,98.8
2018.06,출판영상방송통신 및 정보서비스업,91.7
2018.06,부동산업 및 임대업,94
2018.06,전문과학 및 기술서비스업,95.3
2018.06,사업시설관리 및 사업지원서비스업,95
2018.06,교육서비스업,95.9
2018.06,예술스포츠 및 여가관련서비스업,87.6
2018.06,수리 및 기타개인서비스업,92.5
2018.07,전산업,94.5
2018.07,식료품,98.7
2018.07,음료,97.9
2018.07,섬유제품 의복제외,95.7
2018.07,의복의복악세서리및모피제품,101.9
2018.07,가죽가방및신발,109.2
2018.07,목재및나무제품 가구제외,97.6
2018.07,펄프종이및종이제품,89.2
2018.07,인쇄및기록매체복제업,104
2018.07,화학물질및화학제품 의약품제외,94.6
2018.07,의료용물질및의약품,94.1
2018.07,고무제품및플라스틱제품,96.6
2018.07,비금속광물제품,96.9
2018.07,1차금속,94.1
2018.07,금속가공제품 기계및가구제외,98.4
2018.07,전자부품컴퓨터영상음향및통신장비,99.4
2018.07,의료정밀광학기기및시계,94.9
2018.07,전기장비,100
2018.07,기타기계및장비,99.5
2018.07,자동차및트레일러,98.5
2018.07,기타운송장비,96.5
2018.07,가구,100.1
2018.07,기타제품,95.8
2018.07,비제조업,92.2
2018.07,건설업,93.9
2018.07,도매 및 소매업,91.5
2018.07,운수업,87.8
2018.07,숙박 및 음식점업,91.7
2018.07,출판영상방송통신 및 정보서비스업,91.9
2018.07,부동산업 및 임대업,93.6
2018.07,전문과학 및 기술서비스업,93.7
2018.07,사업시설관리 및 사업지원서비스업,97.9
2018.07,교육서비스업,95.5
2018.07,예술스포츠 및 여가관련서비스업,88.9
2018.07,수리 및 기타개인서비스업,93.4
2018.08,전산업,94.7
2018.08,식료품,94.2
2018.08,음료,95.3
2018.08,섬유제품 의복제외,91.6
2018.08,의복의복악세서리및모피제품,100.3
2018.08,가죽가방및신발,111.2
2018.08,목재및나무제품 가구제외,96
2018.08,펄프종이및종이제품,89.7
2018.08,인쇄및기록매체복제업,109.2
2018.08,화학물질및화학제품 의약품제외,98.6
2018.08,의료용물질및의약품,94.7
2018.08,고무제품및플라스틱제품,97.4
2018.08,비금속광물제품,96.1
2018.08,1차금속,95.8
2018.08,금속가공제품 기계및가구제외,96.5
2018.08,전자부품컴퓨터영상음향및통신장비,102.3
2018.08,의료정밀광학기기및시계,101.3
2018.08,전기장비,101.3
2018.08,기타기계및장비,99.9
2018.08,자동차및트레일러,95.9
2018.08,기타운송장비,95.8
2018.08,가구,97.8
2018.08,기타제품,93.1
2018.08,비제조업,92.6
2018.08,건설업,93.3
2018.08,도매 및 소매업,92.1
2018.08,운수업,88.2
2018.08,숙박 및 음식점업,95.7
2018.08,출판영상방송통신 및 정보서비스업,93.1
2018.08,부동산업 및 임대업,95.2
2018.08,전문과학 및 기술서비스업,94.2
2018.08,사업시설관리 및 사업지원서비스업,95.5
2018.08,교육서비스업,91.6
2018.08,예술스포츠 및 여가관련서비스업,92
2018.08,수리 및 기타개인서비스업,90.4
2018.09,전산업,96.2
2018.09,식료품,92
2018.09,음료,94.3
2018.09,섬유제품 의복제외,93.2
2018.09,의복의복악세서리및모피제품,99.8
2018.09,가죽가방및신발,110
2018.09,목재및나무제품 가구제외,93.9
2018.09,펄프종이및종이제품,87.8
2018.09,인쇄및기록매체복제업,105.9
2018.09,화학물질및화학제품 의약품제외,96.6
2018.09,의료용물질및의약품,93.3
2018.09,고무제품및플라스틱제품,99.1
2018.09,비금속광물제품,96.2
2018.09,1차금속,94.6
2018.09,금속가공제품 기계및가구제외,97
2018.09,전자부품컴퓨터영상음향및통신장비,99.5
2018.09,의료정밀광학기기및시계,102.2
2018.09,전기장비,101.4
2018.09,기타기계및장비,104.3
2018.09,자동차및트레일러,97.4
2018.09,기타운송장비,96.9
2018.09,가구,101.1
2018.09,기타제품,93.5
2018.09,비제조업,94.7
2018.09,건설업,95.3
2018.09,도매 및 소매업,95.5
2018.09,운수업,87.6
2018.09,숙박 및 음식점업,96.4
2018.09,출판영상방송통신 및 정보서비스업,93
2018.09,부동산업 및 임대업,93.9
2018.09,전문과학 및 기술서비스업,93.1
2018.09,사업시설관리 및 사업지원서비스업,93.8
2018.09,교육서비스업,95.6
2018.09,예술스포츠 및 여가관련서비스업,91.8
2018.09,수리 및 기타개인서비스업,95.7
2018.1,전산업,95.6
2018.1,식료품,93.9
2018.1,음료,91.4
2018.1,섬유제품 의복제외,89
2018.1,의복의복악세서리및모피제품,99.5
2018.1,가죽가방및신발,101.6
2018.1,목재및나무제품 가구제외,97.8
2018.1,펄프종이및종이제품,93.3
2018.1,인쇄및기록매체복제업,102.7
2018.1,화학물질및화학제품 의약품제외,97.2
2018.1,의료용물질및의약품,95.7
2018.1,고무제품및플라스틱제품,98.1
2018.1,비금속광물제품,94.6
2018.1,1차금속,98.2
2018.1,금속가공제품 기계및가구제외,101.2
2018.1,전자부품컴퓨터영상음향및통신장비,101.7
2018.1,의료정밀광학기기및시계,104.2
2018.1,전기장비,96.3
2018.1,기타기계및장비,103.1
2018.1,자동차및트레일러,101.9
2018.1,기타운송장비,103.6
2018.1,가구,104.8
2018.1,기타제품,96.5
2018.1,비제조업,93.2
2018.1,건설업,95.5
2018.1,도매 및 소매업,91.8
2018.1,운수업,89.2
2018.1,숙박 및 음식점업,99.5
2018.1,출판영상방송통신 및 정보서비스업,94
2018.1,부동산업 및 임대업,97
2018.1,전문과학 및 기술서비스업,92.4
2018.1,사업시설관리 및 사업지원서비스업,96.2
2018.1,교육서비스업,97.3
2018.1,예술스포츠 및 여가관련서비스업,92.3
2018.1,수리 및 기타개인서비스업,90.6
2018.11,전산업,96.8
2018.11,식료품,93.2
2018.11,음료,93.5
2018.11,섬유제품 의복제외,94.4
2018.11,의복의복악세서리및모피제품,101.2
2018.11,가죽가방및신발,105.7
2018.11,목재및나무제품 가구제외,97.8
2018.11,펄프종이및종이제품,94.1
2018.11,인쇄및기록매체복제업,106.5
2018.11,화학물질및화학제품 의약품제외,97.9
2018.11,의료용물질및의약품,94.1
2018.11,고무제품및플라스틱제품,101.9
2018.11,비금속광물제품,96.6
2018.11,1차금속,101.5
2018.11,금속가공제품 기계및가구제외,98.6
2018.11,전자부품컴퓨터영상음향및통신장비,103.2
2018.11,의료정밀광학기기및시계,104.3
2018.11,전기장비,102.6
2018.11,기타기계및장비,106.3
2018.11,자동차및트레일러,94.4
2018.11,기타운송장비,98.8
2018.11,가구,103.4
2018.11,기타제품,95.9
2018.11,비제조업,94.4
2018.11,건설업,96
2018.11,도매 및 소매업,94
2018.11,운수업,89.4
2018.11,숙박 및 음식점업,97.5
2018.11,출판영상방송통신 및 정보서비스업,94.7
2018.11,부동산업 및 임대업,97.6
2018.11,전문과학 및 기술서비스업,92.2
2018.11,사업시설관리 및 사업지원서비스업,97.1
2018.11,교육서비스업,98.6
2018.11,예술스포츠 및 여가관련서비스업,94.2
2018.11,수리 및 기타개인서비스업,90.8
2018.12,전산업,97.3
2018.12,식료품,96.2
2018.12,음료,97.1
2018.12,섬유제품 의복제외,102.7
2018.12,의복의복악세서리및모피제품,106.3
2018.12,가죽가방및신발,110.8
2018.12,목재및나무제품 가구제외,96.9
2018.12,펄프종이및종이제품,95.4
2018.12,인쇄및기록매체복제업,98.4
2018.12,화학물질및화학제품 의약품제외,96
2018.12,의료용물질및의약품,96.9
2018.12,고무제품및플라스틱제품,99.8
2018.12,비금속광물제품,96.9
2018.12,1차금속,100.4
2018.12,금속가공제품 기계및가구제외,98.2
2018.12,전자부품컴퓨터영상음향및통신장비,103.4
2018.12,의료정밀광학기기및시계,100.5
2018.12,전기장비,99.1
2018.12,기타기계및장비,106.7
2018.12,자동차및트레일러,97.7
2018.12,기타운송장비,97.6
2018.12,가구,97.7
2018.12,기타제품,95.7
2018.12,비제조업,95.3
2018.12,건설업,98.8
2018.12,도매 및 소매업,94.8
2018.12,운수업,88.6
2018.12,숙박 및 음식점업,95.7
2018.12,출판영상방송통신 및 정보서비스업,93.2
2018.12,부동산업 및 임대업,95.3
2018.12,전문과학 및 기술서비스업,93.8
2018.12,사업시설관리 및 사업지원서비스업,98.5
2018.12,교육서비스업,97.1
2018.12,예술스포츠 및 여가관련서비스업,97.1
2018.12,수리 및 기타개인서비스업,94.7
2019.01,전산업,96.6
2019.01,식료품,97.9
2019.01,음료,89.7
2019.01,섬유제품 의복제외,102.8
2019.01,의복의복악세서리및모피제품,103.7
2019.01,가죽가방및신발,104.2
2019.01,목재및나무제품 가구제외,96.8
2019.01,펄프종이및종이제품,94.9
2019.01,인쇄및기록매체복제업,97.5
2019.01,화학물질및화학제품 의약품제외,96.6
2019.01,의료용물질및의약품,93.9
2019.01,고무제품및플라스틱제품,101.4
2019.01,비금속광물제품,99.9
2019.01,1차금속,98.1
2019.01,금속가공제품 기계및가구제외,95.9
2019.01,전자부품컴퓨터영상음향및통신장비,109.5
2019.01,의료정밀광학기기및시계,103.2
2019.01,전기장비,98
2019.01,기타기계및장비,105.4
2019.01,자동차및트레일러,104.3
2019.01,기타운송장비,105.4
2019.01,가구,103.2
2019.01,기타제품,96.5
2019.01,비제조업,94.8
2019.01,건설업,94.9
2019.01,도매 및 소매업,94.3
2019.01,운수업,93.6
2019.01,숙박 및 음식점업,94.3
2019.01,출판영상방송통신 및 정보서비스업,96.4
2019.01,부동산업 및 임대업,96.9
2019.01,전문과학 및 기술서비스업,97.3
2019.01,사업시설관리 및 사업지원서비스업,96.2
2019.01,교육서비스업,97.7
2019.01,예술스포츠 및 여가관련서비스업,96.1
2019.01,수리 및 기타개인서비스업,93.9
2019.02,전산업,97
2019.02,식료품,100.1
2019.02,음료,85.8
2019.02,섬유제품 의복제외,100
2019.02,의복의복악세서리및모피제품,103
2019.02,가죽가방및신발,109
2019.02,목재및나무제품 가구제외,98
2019.02,펄프종이및종이제품,94.4
2019.02,인쇄및기록매체복제업,96.3
2019.02,화학물질및화학제품 의약품제외,93.7
2019.02,의료용물질및의약품,100.8
2019.02,고무제품및플라스틱제품,100.3
2019.02,비금속광물제품,98.7
2019.02,1차금속,96.2
2019.02,금속가공제품 기계및가구제외,100.6
2019.02,전자부품컴퓨터영상음향및통신장비,107.4
2019.02,의료정밀광학기기및시계,100.7
2019.02,전기장비,107.7
2019.02,기타기계및장비,104
2019.02,자동차및트레일러,97.9
2019.02,기타운송장비,102.1
2019.02,가구,100.3
2019.02,기타제품,100.7
2019.02,비제조업,95
2019.02,건설업,94.9
2019.02,도매 및 소매업,94.9
2019.02,운수업,92.2
2019.02,숙박 및 음식점업,97.8
2019.02,출판영상방송통신 및 정보서비스업,93.1
2019.02,부동산업 및 임대업,96.8
2019.02,전문과학 및 기술서비스업,95.6
2019.02,사업시설관리 및 사업지원서비스업,97.1
2019.02,교육서비스업,99.2
2019.02,예술스포츠 및 여가관련서비스업,94.8
2019.02,수리 및 기타개인서비스업,92.1
2019.03,전산업,96.3
2019.03,식료품,98.3
2019.03,음료,93.5
2019.03,섬유제품 의복제외,96.9
2019.03,의복의복악세서리및모피제품,100.2
2019.03,가죽가방및신발,104.1
2019.03,목재및나무제품 가구제외,93.2
2019.03,펄프종이및종이제품,92.4
2019.03,인쇄및기록매체복제업,99.3
2019.03,화학물질및화학제품 의약품제외,94.5
2019.03,의료용물질및의약품,96
2019.03,고무제품및플라스틱제품,98.1
2019.03,비금속광물제품,95.1
2019.03,1차금속,99.8
2019.03,금속가공제품 기계및가구제외,97.3
2019.03,전자부품컴퓨터영상음향및통신장비,102.2
2019.03,의료정밀광학기기및시계,101.8
2019.03,전기장비,105.1
2019.03,기타기계및장비,104
2019.03,자동차및트레일러,98.2
2019.03,기타운송장비,102
2019.03,가구,96.8
2019.03,기타제품,95.9
2019.03,비제조업,94.6
2019.03,건설업,97
2019.03,도매 및 소매업,93.7
2019.03,운수업,92.9
2019.03,숙박 및 음식점업,94.1
2019.03,출판영상방송통신 및 정보서비스업,95
2019.03,부동산업 및 임대업,95.2
2019.03,전문과학 및 기술서비스업,94.2
2019.03,사업시설관리 및 사업지원서비스업,99.3
2019.03,교육서비스업,103.7
2019.03,예술스포츠 및 여가관련서비스업,89.7
2019.03,수리 및 기타개인서비스업,95
2019.04,전산업,96.3
2019.04,식료품,101.8
2019.04,음료,90.4
2019.04,섬유제품 의복제외,100.8
2019.04,의복의복악세서리및모피제품,97.4
2019.04,가죽가방및신발,106.1
2019.04,목재및나무제품 가구제외,97.5
2019.04,펄프종이및종이제품,94.7
2019.04,인쇄및기록매체복제업,101.8
2019.04,화학물질및화학제품 의약품제외,95.6
2019.04,의료용물질및의약품,98.6
2019.04,고무제품및플라스틱제품,97.2
2019.04,비금속광물제품,98.7
2019.04,1차금속,93.9
2019.04,금속가공제품 기계및가구제외,97.1
2019.04,전자부품컴퓨터영상음향및통신장비,103.9
2019.04,의료정밀광학기기및시계,101.3
2019.04,전기장비,104.9
2019.04,기타기계및장비,102.7
2019.04,자동차및트레일러,97
2019.04,기타운송장비,101.4
2019.04,가구,100.7
2019.04,기타제품,95.1
2019.04,비제조업,94.6
2019.04,건설업,97.9
2019.04,도매 및 소매업,93.4
2019.04,운수업,94
2019.04,숙박 및 음식점업,95.8
2019.04,출판영상방송통신 및 정보서비스업,94
2019.04,부동산업 및 임대업,96.2
2019.04,전문과학 및 기술서비스업,93.5
2019.04,사업시설관리 및 사업지원서비스업,98.7
2019.04,교육서비스업,98.4
2019.04,예술스포츠 및 여가관련서비스업,89.8
2019.04,수리 및 기타개인서비스업,95.1
2019.05,전산업,96.5
2019.05,식료품,99.1
2019.05,음료,89.3
2019.05,섬유제품 의복제외,102.5
2019.05,의복의복악세서리및모피제품,103
2019.05,가죽가방및신발,107.6
2019.05,목재및나무제품 가구제외,97.8
2019.05,펄프종이및종이제품,92.7
2019.05,인쇄및기록매체복제업,104.3
2019.05,화학물질및화학제품 의약품제외,96.7
2019.05,의료용물질및의약품,95.7
2019.05,고무제품및플라스틱제품,92.4
2019.05,비금속광물제품,99.3
2019.05,1차금속,98.6
2019.05,금속가공제품 기계및가구제외,98.8
2019.05,전자부품컴퓨터영상음향및통신장비,105.6
2019.05,의료정밀광학기기및시계,104
2019.05,전기장비,105.6
2019.05,기타기계및장비,98
2019.05,자동차및트레일러,100.4
2019.05,기타운송장비,101.5
2019.05,가구,101.2
2019.05,기타제품,99.2
2019.05,비제조업,95
2019.05,건설업,95.6
2019.05,도매 및 소매업,94.7
2019.05,운수업,91.9
2019.05,숙박 및 음식점업,95.2
2019.05,출판영상방송통신 및 정보서비스업,95.9
2019.05,부동산업 및 임대업,95.1
2019.05,전문과학 및 기술서비스업,95.6
2019.05,사업시설관리 및 사업지원서비스업,96.9
2019.05,교육서비스업,101.6
2019.05,예술스포츠 및 여가관련서비스업,85.8
2019.05,수리 및 기타개인서비스업,98.4
2019.06,전산업,98.3
2019.06,식료품,103.2
2019.06,음료,93.5
2019.06,섬유제품 의복제외,101.9
2019.06,의복의복악세서리및모피제품,102.8
2019.06,가죽가방및신발,109.6
2019.06,목재및나무제품 가구제외,104.4
2019.06,펄프종이및종이제품,93.4
2019.06,인쇄및기록매체복제업,105.9
2019.06,화학물질및화학제품 의약품제외,97.7
2019.06,의료용물질및의약품,89.6
2019.06,고무제품및플라스틱제품,98.3
2019.06,비금속광물제품,99
2019.06,1차금속,103.1
2019.06,금속가공제품 기계및가구제외,97.8
2019.06,전자부품컴퓨터영상음향및통신장비,100.7
2019.06,의료정밀광학기기및시계,103
2019.06,전기장비,105.4
2019.06,기타기계및장비,97.7
2019.06,자동차및트레일러,97.4
2019.06,기타운송장비,95.9
2019.06,가구,103.1
2019.06,기타제품,99.9
2019.06,비제조업,97.5
2019.06,건설업,97.4
2019.06,도매 및 소매업,98.3
2019.06,운수업,93.6
2019.06,숙박 및 음식점업,98.1
2019.06,출판영상방송통신 및 정보서비스업,95.8
2019.06,부동산업 및 임대업,96.1
2019.06,전문과학 및 기술서비스업,93.6
2019.06,사업시설관리 및 사업지원서비스업,98.3
2019.06,교육서비스업,96.8
2019.06,예술스포츠 및 여가관련서비스업,88.1
2019.06,수리 및 기타개인서비스업,96.6
2019.07,전산업,98.2
2019.07,식료품,93.4
2019.07,음료,89.2
2019.07,섬유제품 의복제외,111.5
2019.07,의복의복악세서리및모피제품,102.4
2019.07,가죽가방및신발,108.9
2019.07,목재및나무제품 가구제외,100.5
2019.07,펄프종이및종이제품,92.4
2019.07,인쇄및기록매체복제업,109.9
2019.07,화학물질및화학제품 의약품제외,92.2
2019.07,의료용물질및의약품,98.3
2019.07,고무제품및플라스틱제품,97.4
2019.07,비금속광물제품,97.4
2019.07,1차금속,106.7
2019.07,금속가공제품 기계및가구제외,96.7
2019.07,전자부품컴퓨터영상음향및통신장비,101.7
2019.07,의료정밀광학기기및시계,99.6
2019.07,전기장비,109.4
2019.07,기타기계및장비,98.8
2019.07,자동차및트레일러,97.5
2019.07,기타운송장비,96
2019.07,가구,102.9
2019.07,기타제품,105.3
2019.07,비제조업,97.3
2019.07,건설업,97.5
2019.07,도매 및 소매업,98.1
2019.07,운수업,93.6
2019.07,숙박 및 음식점업,96.8
2019.07,출판영상방송통신 및 정보서비스업,94.2
2019.07,부동산업 및 임대업,94.3
2019.07,전문과학 및 기술서비스업,95.1
2019.07,사업시설관리 및 사업지원서비스업,99
2019.07,교육서비스업,94.2
2019.07,예술스포츠 및 여가관련서비스업,89
2019.07,수리 및 기타개인서비스업,99.4
2019.08,전산업,97.6
2019.08,식료품,98.8
2019.08,음료,90.2
2019.08,섬유제품 의복제외,107.2
2019.08,의복의복악세서리및모피제품,105.7
2019.08,가죽가방및신발,109.2
2019.08,목재및나무제품 가구제외,102.2
2019.08,펄프종이및종이제품,94.5
2019.08,인쇄및기록매체복제업,113.2
2019.08,화학물질및화학제품 의약품제외,95.4
2019.08,의료용물질및의약품,95.3
2019.08,고무제품및플라스틱제품,100.3
2019.08,비금속광물제품,96.6
2019.08,1차금속,103.3
2019.08,금속가공제품 기계및가구제외,100.6
2019.08,전자부품컴퓨터영상음향및통신장비,104.5
2019.08,의료정밀광학기기및시계,102.7
2019.08,전기장비,98.3
2019.08,기타기계및장비,101.2
2019.08,자동차및트레일러,98.9
2019.08,기타운송장비,94.8
2019.08,가구,96.8
2019.08,기타제품,101.4
2019.08,비제조업,96.1
2019.08,건설업,98.3
2019.08,도매 및 소매업,96
2019.08,운수업,91.9
2019.08,숙박 및 음식점업,99.2
2019.08,출판영상방송통신 및 정보서비스업,91.6
2019.08,부동산업 및 임대업,97.2
2019.08,전문과학 및 기술서비스업,95.1
2019.08,사업시설관리 및 사업지원서비스업,94.2
2019.08,교육서비스업,98.4
2019.08,예술스포츠 및 여가관련서비스업,89.1
2019.08,수리 및 기타개인서비스업,91.3
2019.09,전산업,97.5
2019.09,식료품,98.5
2019.09,음료,92.5
2019.09,섬유제품 의복제외,101.6
2019.09,의복의복악세서리및모피제품,102.9
2019.09,가죽가방및신발,106
2019.09,목재및나무제품 가구제외,99.6
2019.09,펄프종이및종이제품,92.1
2019.09,인쇄및기록매체복제업,107.9
2019.09,화학물질및화학제품 의약품제외,95.8
2019.09,의료용물질및의약품,94
2019.09,고무제품및플라스틱제품,104.2
2019.09,비금속광물제품,99.1
2019.09,1차금속,107
2019.09,금속가공제품 기계및가구제외,98.6
2019.09,전자부품컴퓨터영상음향및통신장비,102.7
2019.09,의료정밀광학기기및시계,101.5
2019.09,전기장비,102.8
2019.09,기타기계및장비,107.9
2019.09,자동차및트레일러,98.7
2019.09,기타운송장비,97.9
2019.09,가구,103.4
2019.09,기타제품,103.3
2019.09,비제조업,95.3
2019.09,건설업,97.7
2019.09,도매 및 소매업,94.3
2019.09,운수업,94.4
2019.09,숙박 및 음식점업,98.7
2019.09,출판영상방송통신 및 정보서비스업,95.3
2019.09,부동산업 및 임대업,94.7
2019.09,전문과학 및 기술서비스업,93.8
2019.09,사업시설관리 및 사업지원서비스업,100.6
2019.09,교육서비스업,101.9
2019.09,예술스포츠 및 여가관련서비스업,88.4
2019.09,수리 및 기타개인서비스업,90.2
2019.1,전산업,97.3
2019.1,식료품,98.3
2019.1,음료,97.9
2019.1,섬유제품 의복제외,104
2019.1,의복의복악세서리및모피제품,104.4
2019.1,가죽가방및신발,104.7
2019.1,목재및나무제품 가구제외,99.5
2019.1,펄프종이및종이제품,94.4
2019.1,인쇄및기록매체복제업,107.2
2019.1,화학물질및화학제품 의약품제외,98.3
2019.1,의료용물질및의약품,89.4
2019.1,고무제품및플라스틱제품,101.4
2019.1,비금속광물제품,97.3
2019.1,1차금속,108.5
2019.1,금속가공제품 기계및가구제외,98.6
2019.1,전자부품컴퓨터영상음향및통신장비,101.3
2019.1,의료정밀광학기기및시계,102.5
2019.1,전기장비,102.5
2019.1,기타기계및장비,107.4
2019.1,자동차및트레일러,99.2
2019.1,기타운송장비,93.7
2019.1,가구,102.3
2019.1,기타제품,98.1
2019.1,비제조업,95.1
2019.1,건설업,98.3
2019.1,도매 및 소매업,94.3
2019.1,운수업,93.2
2019.1,숙박 및 음식점업,95.1
2019.1,출판영상방송통신 및 정보서비스업,94.8
2019.1,부동산업 및 임대업,97
2019.1,전문과학 및 기술서비스업,93.6
2019.1,사업시설관리 및 사업지원서비스업,96.4
2019.1,교육서비스업,99.2
2019.1,예술스포츠 및 여가관련서비스업,89.9
2019.1,수리 및 기타개인서비스업,92.7
2019.11,전산업,98
2019.11,식료품,94.2
2019.11,음료,94.8
2019.11,섬유제품 의복제외,105.6
2019.11,의복의복악세서리및모피제품,107.6
2019.11,가죽가방및신발,107.7
2019.11,목재및나무제품 가구제외,94.9
2019.11,펄프종이및종이제품,94.8
2019.11,인쇄및기록매체복제업,105.6
2019.11,화학물질및화학제품 의약품제외,99.9
2019.11,의료용물질및의약품,98.1
2019.11,고무제품및플라스틱제품,99.4
2019.11,비금속광물제품,93.5
2019.11,1차금속,104.7
2019.11,금속가공제품 기계및가구제외,97.5
2019.11,전자부품컴퓨터영상음향및통신장비,103
2019.11,의료정밀광학기기및시계,99.7
2019.11,전기장비,106.1
2019.11,기타기계및장비,103.4
2019.11,자동차및트레일러,98.5
2019.11,기타운송장비,100.6
2019.11,가구,104.3
2019.11,기타제품,101.9
2019.11,비제조업,96.6
2019.11,건설업,94.5
2019.11,도매 및 소매업,97.7
2019.11,운수업,93
2019.11,숙박 및 음식점업,98
2019.11,출판영상방송통신 및 정보서비스업,94.1
2019.11,부동산업 및 임대업,94.1
2019.11,전문과학 및 기술서비스업,92.8
2019.11,사업시설관리 및 사업지원서비스업,102.9
2019.11,교육서비스업,100
2019.11,예술스포츠 및 여가관련서비스업,91.6
2019.11,수리 및 기타개인서비스업,91.4
2019.12,전산업,97.3
2019.12,식료품,102.1
2019.12,음료,97.4
2019.12,섬유제품 의복제외,104.9
2019.12,의복의복악세서리및모피제품,101.9
2019.12,가죽가방및신발,106.2
2019.12,목재및나무제품 가구제외,100
2019.12,펄프종이및종이제품,90.4
2019.12,인쇄및기록매체복제업,102
2019.12,화학물질및화학제품 의약품제외,96
2019.12,의료용물질및의약품,96.1
2019.12,고무제품및플라스틱제품,108.3
2019.12,비금속광물제품,93.9
2019.12,1차금속,105.4
2019.12,금속가공제품 기계및가구제외,96.9
2019.12,전자부품컴퓨터영상음향및통신장비,106.3
2019.12,의료정밀광학기기및시계,98.5
2019.12,전기장비,101.5
2019.12,기타기계및장비,103.8
2019.12,자동차및트레일러,95.2
2019.12,기타운송장비,101.3
2019.12,가구,102.4
2019.12,기타제품,103.6
2019.12,비제조업,95.4
2019.12,건설업,94.5
2019.12,도매 및 소매업,95.7
2019.12,운수업,93.9
2019.12,숙박 및 음식점업,97
2019.12,출판영상방송통신 및 정보서비스업,94.9
2019.12,부동산업 및 임대업,93.8
2019.12,전문과학 및 기술서비스업,95
2019.12,사업시설관리 및 사업지원서비스업,95.7
2019.12,교육서비스업,97.7
2019.12,예술스포츠 및 여가관련서비스업,95
2019.12,수리 및 기타개인서비스업,94.7
2020.01,전산업,96.5
2020.01,식료품,97.6
2020.01,음료,92.6
2020.01,섬유제품 의복제외,106.6
2020.01,의복의복악세서리및모피제품,101.7
2020.01,가죽가방및신발,111.9
2020.01,목재및나무제품 가구제외,101.1
2020.01,펄프종이및종이제품,92
2020.01,인쇄및기록매체복제업,104.5
2020.01,화학물질및화학제품 의약품제외,92.5
2020.01,의료용물질및의약품,91.7
2020.01,고무제품및플라스틱제품,107
2020.01,비금속광물제품,97.2
2020.01,1차금속,107
2020.01,금속가공제품 기계및가구제외,97.4
2020.01,전자부품컴퓨터영상음향및통신장비,98.3
2020.01,의료정밀광학기기및시계,100.7
2020.01,전기장비,101.6
2020.01,기타기계및장비,103.6
2020.01,자동차및트레일러,98.7
2020.01,기타운송장비,100.5
2020.01,가구,104.1
2020.01,기타제품,100.8
2020.01,비제조업,94.3
2020.01,건설업,97.2
2020.01,도매 및 소매업,93.2
2020.01,운수업,94.1
2020.01,숙박 및 음식점업,98.8
2020.01,출판영상방송통신 및 정보서비스업,93.7
2020.01,부동산업 및 임대업,92.9
2020.01,전문과학 및 기술서비스업,93
2020.01,사업시설관리 및 사업지원서비스업,94.9
2020.01,교육서비스업,95.3
2020.01,예술스포츠 및 여가관련서비스업,94.5
2020.01,수리 및 기타개인서비스업,93.2
2020.02,전산업,99.4
2020.02,식료품,107.1
2020.02,음료,98.2
2020.02,섬유제품 의복제외,104.1
2020.02,의복의복악세서리및모피제품,100.9
2020.02,가죽가방및신발,109
2020.02,목재및나무제품 가구제외,101.7
2020.02,펄프종이및종이제품,94.8
2020.02,인쇄및기록매체복제업,104.9
2020.02,화학물질및화학제품 의약품제외,91.5
2020.02,의료용물질및의약품,93.7
2020.02,고무제품및플라스틱제품,106.5
2020.02,비금속광물제품,95.6
2020.02,1차금속,104.5
2020.02,금속가공제품 기계및가구제외,100.7
2020.02,전자부품컴퓨터영상음향및통신장비,97.2
2020.02,의료정밀광학기기및시계,103.8
2020.02,전기장비,107.1
2020.02,기타기계및장비,103.7
2020.02,자동차및트레일러,102.2
2020.02,기타운송장비,99.3
2020.02,가구,98.5
2020.02,기타제품,106.9
2020.02,비제조업,97.9
2020.02,건설업,100.7
2020.02,도매 및 소매업,98
2020.02,운수업,94.7
2020.02,숙박 및 음식점업,97
2020.02,출판영상방송통신 및 정보서비스업,95.2
2020.02,부동산업 및 임대업,95.3
2020.02,전문과학 및 기술서비스업,92.5
2020.02,사업시설관리 및 사업지원서비스업,98.5
2020.02,교육서비스업,99.2
2020.02,예술스포츠 및 여가관련서비스업,96.1
2020.02,수리 및 기타개인서비스업,96.7
2020.03,전산업,101
2020.03,식료품,106.4
2020.03,음료,97
2020.03,섬유제품 의복제외,102.4
2020.03,의복의복악세서리및모피제품,105.5
2020.03,가죽가방및신발,118.7
2020.03,목재및나무제품 가구제외,104.8
2020.03,펄프종이및종이제품,99.6
2020.03,인쇄및기록매체복제업,116.1
2020.03,화학물질및화학제품 의약품제외,94.7
2020.03,의료용물질및의약품,99.5
2020.03,고무제품및플라스틱제품,104.3
2020.03,비금속광물제품,94.7
2020.03,1차금속,103.5
2020.03,금속가공제품 기계및가구제외,100
2020.03,전자부품컴퓨터영상음향및통신장비,96.9
2020.03,의료정밀광학기기및시계,102
2020.03,전기장비,104.9
2020.03,기타기계및장비,106.4
2020.03,자동차및트레일러,100.4
2020.03,기타운송장비,106.9
2020.03,가구,100
2020.03,기타제품,102.3
2020.03,비제조업,100.1
2020.03,건설업,98.3
2020.03,도매 및 소매업,100.9
2020.03,운수업,95.6
2020.03,숙박 및 음식점업,107.4
2020.03,출판영상방송통신 및 정보서비스업,97.2
2020.03,부동산업 및 임대업,102.8
2020.03,전문과학 및 기술서비스업,95.6
2020.03,사업시설관리 및 사업지원서비스업,96.8
2020.03,교육서비스업,106.6
2020.03,예술스포츠 및 여가관련서비스업,106.1
2020.03,수리 및 기타개인서비스업,98.8
2020.04,전산업,103.3
2020.04,식료품,110.8
2020.04,음료,100.9
2020.04,섬유제품 의복제외,120.2
2020.04,의복의복악세서리및모피제품,111.7
2020.04,가죽가방및신발,112.5
2020.04,목재및나무제품 가구제외,102.2
2020.04,펄프종이및종이제품,97.8
2020.04,인쇄및기록매체복제업,125.6
2020.04,화학물질및화학제품 의약품제외,99.5
2020.04,의료용물질및의약품,102.4
2020.04,고무제품및플라스틱제품,108.4
2020.04,비금속광물제품,96.8
2020.04,1차금속,108.6
2020.04,금속가공제품 기계및가구제외,100.8
2020.04,전자부품컴퓨터영상음향및통신장비,107.3
2020.04,의료정밀광학기기및시계,108.5
2020.04,전기장비,106.8
2020.04,기타기계및장비,105.7
2020.04,자동차및트레일러,114.9
2020.04,기타운송장비,99
2020.04,가구,109.4
2020.04,기타제품,104.7
2020.04,비제조업,101.5
2020.04,건설업,101
2020.04,도매 및 소매업,102.1
2020.04,운수업,101.8
2020.04,숙박 및 음식점업,101.7
2020.04,출판영상방송통신 및 정보서비스업,93.9
2020.04,부동산업 및 임대업,100.8
2020.04,전문과학 및 기술서비스업,94.9
2020.04,사업시설관리 및 사업지원서비스업,106.4
2020.04,교육서비스업,108.5
2020.04,예술스포츠 및 여가관련서비스업,100.3
2020.04,수리 및 기타개인서비스업,100.5
2020.05,전산업,102.3
2020.05,식료품,105.4
2020.05,음료,105.6
2020.05,섬유제품 의복제외,127.7
2020.05,의복의복악세서리및모피제품,111.8
2020.05,가죽가방및신발,113.2
2020.05,목재및나무제품 가구제외,105.7
2020.05,펄프종이및종이제품,99.6
2020.05,인쇄및기록매체복제업,129.5
2020.05,화학물질및화학제품 의약품제외,96
2020.05,의료용물질및의약품,92.9
2020.05,고무제품및플라스틱제품,110
2020.05,비금속광물제품,100
2020.05,1차금속,109.8
2020.05,금속가공제품 기계및가구제외,100.7
2020.05,전자부품컴퓨터영상음향및통신장비,110.6
2020.05,의료정밀광학기기및시계,109.6
2020.05,전기장비,108.7
2020.05,기타기계및장비,109.6
2020.05,자동차및트레일러,112.9
2020.05,기타운송장비,101.5
2020.05,가구,109.3
2020.05,기타제품,110.2
2020.05,비제조업,99.4
2020.05,건설업,98.6
2020.05,도매 및 소매업,100.2
2020.05,운수업,100.9
2020.05,숙박 및 음식점업,98
2020.05,출판영상방송통신 및 정보서비스업,93
2020.05,부동산업 및 임대업,103.8
2020.05,전문과학 및 기술서비스업,92.9
2020.05,사업시설관리 및 사업지원서비스업,102.4
2020.05,교육서비스업,99.9
2020.05,예술스포츠 및 여가관련서비스업,99.4
2020.05,수리 및 기타개인서비스업,97.9
2020.06,전산업,103.2
2020.06,식료품,111.6
2020.06,음료,105.6
2020.06,섬유제품 의복제외,117
2020.06,의복의복악세서리및모피제품,103.8
2020.06,가죽가방및신발,120.5
2020.06,목재및나무제품 가구제외,105.5
2020.06,펄프종이및종이제품,99.4
2020.06,인쇄및기록매체복제업,122.7
2020.06,화학물질및화학제품 의약품제외,105.4
2020.06,의료용물질및의약품,97.8
2020.06,고무제품및플라스틱제품,108.9
2020.06,비금속광물제품,101.3
2020.06,1차금속,112.1
2020.06,금속가공제품 기계및가구제외,106.1
2020.06,전자부품컴퓨터영상음향및통신장비,114.3
2020.06,의료정밀광학기기및시계,109
2020.06,전기장비,111.9
2020.06,기타기계및장비,110.5
2020.06,자동차및트레일러,120.7
2020.06,기타운송장비,108
2020.06,가구,105.9
2020.06,기타제품,105.9
2020.06,비제조업,99.6
2020.06,건설업,97.4
2020.06,도매 및 소매업,101.6
2020.06,운수업,98.8
2020.06,숙박 및 음식점업,95.2
2020.06,출판영상방송통신 및 정보서비스업,95.2
2020.06,부동산업 및 임대업,98.1
2020.06,전문과학 및 기술서비스업,92.8
2020.06,사업시설관리 및 사업지원서비스업,98.1
2020.06,교육서비스업,99.1
2020.06,예술스포츠 및 여가관련서비스업,100
2020.06,수리 및 기타개인서비스업,99.3
2020.07,전산업,100.5
2020.07,식료품,105
2020.07,음료,104.7
2020.07,섬유제품 의복제외,123.4
2020.07,의복의복악세서리및모피제품,108.9
2020.07,가죽가방및신발,112.5
2020.07,목재및나무제품 가구제외,107.8
2020.07,펄프종이및종이제품,98.4
2020.07,인쇄및기록매체복제업,119.7
2020.07,화학물질및화학제품 의약품제외,99.3
2020.07,의료용물질및의약품,105.5
2020.07,고무제품및플라스틱제품,106.9
2020.07,비금속광물제품,104.7
2020.07,1차금속,111.9
2020.07,금속가공제품 기계및가구제외,102
2020.07,전자부품컴퓨터영상음향및통신장비,109.6
2020.07,의료정밀광학기기및시계,106.4
2020.07,전기장비,107.5
2020.07,기타기계및장비,106.8
2020.07,자동차및트레일러,106.7
2020.07,기타운송장비,102.1
2020.07,가구,103.4
2020.07,기타제품,106.4
2020.07,비제조업,97.2
2020.07,건설업,98.9
2020.07,도매 및 소매업,96.5
2020.07,운수업,102
2020.07,숙박 및 음식점업,97.4
2020.07,출판영상방송통신 및 정보서비스업,91.7
2020.07,부동산업 및 임대업,98
2020.07,전문과학 및 기술서비스업,94.8
2020.07,사업시설관리 및 사업지원서비스업,102.2
2020.07,교육서비스업,98.5
2020.07,예술스포츠 및 여가관련서비스업,99.6
2020.07,수리 및 기타개인서비스업,96.6
2020.08,전산업,99.9
2020.08,식료품,98.3
2020.08,음료,97.8
2020.08,섬유제품 의복제외,116.8
2020.08,의복의복악세서리및모피제품,104.5
2020.08,가죽가방및신발,107.4
2020.08,목재및나무제품 가구제외,104.3
2020.08,펄프종이및종이제품,93.3
2020.08,인쇄및기록매체복제업,115.7
2020.08,화학물질및화학제품 의약품제외,93.5
2020.08,의료용물질및의약품,104.7
2020.08,고무제품및플라스틱제품,103.8
2020.08,비금속광물제품,105.6
2020.08,1차금속,105.2
2020.08,금속가공제품 기계및가구제외,98.7
2020.08,전자부품컴퓨터영상음향및통신장비,111.1
2020.08,의료정밀광학기기및시계,100.7
2020.08,전기장비,106.8
2020.08,기타기계및장비,103.9
2020.08,자동차및트레일러,97.5
2020.08,기타운송장비,102.7
2020.08,가구,101.9
2020.08,기타제품,103.4
2020.08,비제조업,98.3
2020.08,건설업,98.2
2020.08,도매 및 소매업,99.1
2020.08,운수업,98.3
2020.08,숙박 및 음식점업,96.5
2020.08,출판영상방송통신 및 정보서비스업,93
2020.08,부동산업 및 임대업,94.3
2020.08,전문과학 및 기술서비스업,95
2020.08,사업시설관리 및 사업지원서비스업,100.1
2020.08,교육서비스업,102.4
2020.08,예술스포츠 및 여가관련서비스업,96.5
2020.08,수리 및 기타개인서비스업,97.1
2020.09,전산업,98.8
2020.09,식료품,99.4
2020.09,음료,96.5
2020.09,섬유제품 의복제외,114.8
2020.09,의복의복악세서리및모피제품,102.8
2020.09,가죽가방및신발,107.1
2020.09,목재및나무제품 가구제외,105.3
2020.09,펄프종이및종이제품,90.5
2020.09,인쇄및기록매체복제업,109
2020.09,화학물질및화학제품 의약품제외,97.6
2020.09,의료용물질및의약품,100.5
2020.09,고무제품및플라스틱제품,99.4
2020.09,비금속광물제품,103.7
2020.09,1차금속,106.7
2020.09,금속가공제품 기계및가구제외,96.7
2020.09,전자부품컴퓨터영상음향및통신장비,104.8
2020.09,의료정밀광학기기및시계,107.2
2020.09,전기장비,107.8
2020.09,기타기계및장비,103.4
2020.09,자동차및트레일러,96.3
2020.09,기타운송장비,105.4
2020.09,가구,108.3
2020.09,기타제품,103.2
2020.09,비제조업,97
2020.09,건설업,101.2
2020.09,도매 및 소매업,96
2020.09,운수업,96.3
2020.09,숙박 및 음식점업,97.3
2020.09,출판영상방송통신 및 정보서비스업,95.6
2020.09,부동산업 및 임대업,99.4
2020.09,전문과학 및 기술서비스업,94.2
2020.09,사업시설관리 및 사업지원서비스업,97.2
2020.09,교육서비스업,103.2
2020.09,예술스포츠 및 여가관련서비스업,97.7
2020.09,수리 및 기타개인서비스업,95.8
2020.1,전산업,97.5
2020.1,식료품,100.6
2020.1,음료,100.4
2020.1,섬유제품 의복제외,108.9
2020.1,의복의복악세서리및모피제품,102.7
2020.1,가죽가방및신발,106.5
2020.1,목재및나무제품 가구제외,100.4
2020.1,펄프종이및종이제품,88.2
2020.1,인쇄및기록매체복제업,107.2
2020.1,화학물질및화학제품 의약품제외,93.4
2020.1,의료용물질및의약품,100.3
2020.1,고무제품및플라스틱제품,96.4
2020.1,비금속광물제품,97.5
2020.1,1차금속,102.1
2020.1,금속가공제품 기계및가구제외,98
2020.1,전자부품컴퓨터영상음향및통신장비,105.5
2020.1,의료정밀광학기기및시계,101.7
2020.1,전기장비,103.9
2020.1,기타기계및장비,100.3
2020.1,자동차및트레일러,92.1
2020.1,기타운송장비,105
2020.1,가구,101.2
2020.1,기타제품,97.4
2020.1,비제조업,96.3
2020.1,건설업,99.9
2020.1,도매 및 소매업,95.4
2020.1,운수업,96.9
2020.1,숙박 및 음식점업,94.7
2020.1,출판영상방송통신 및 정보서비스업,94.3
2020.1,부동산업 및 임대업,98.8
2020.1,전문과학 및 기술서비스업,93
2020.1,사업시설관리 및 사업지원서비스업,98.6
2020.1,교육서비스업,106.1
2020.1,예술스포츠 및 여가관련서비스업,92.5
2020.1,수리 및 기타개인서비스업,97.8
2020.11,전산업,97.2
2020.11,식료품,101.8
2020.11,음료,100.8
2020.11,섬유제품 의복제외,105.7
2020.11,의복의복악세서리및모피제품,102.2
2020.11,가죽가방및신발,106.8
2020.11,목재및나무제품 가구제외,97.3
2020.11,펄프종이및종이제품,88
2020.11,인쇄및기록매체복제업,108.4
2020.11,화학물질및화학제품 의약품제외,94.6
2020.11,의료용물질및의약품,95
2020.11,고무제품및플라스틱제품,97.6
2020.11,비금속광물제품,97.3
2020.11,1차금속,99.6
2020.11,금속가공제품 기계및가구제외,95.2
2020.11,전자부품컴퓨터영상음향및통신장비,105.8
2020.11,의료정밀광학기기및시계,102.1
2020.11,전기장비,103.9
2020.11,기타기계및장비,99.6
2020.11,자동차및트레일러,90.8
2020.11,기타운송장비,102.5
2020.11,가구,102
2020.11,기타제품,102.5
2020.11,비제조업,96.3
2020.11,건설업,99.3
2020.11,도매 및 소매업,95.8
2020.11,운수업,96.7
2020.11,숙박 및 음식점업,93.9
2020.11,출판영상방송통신 및 정보서비스업,92.9
2020.11,부동산업 및 임대업,96.3
2020.11,전문과학 및 기술서비스업,92.2
2020.11,사업시설관리 및 사업지원서비스업,100.2
2020.11,교육서비스업,101.5
2020.11,예술스포츠 및 여가관련서비스업,97.9
2020.11,수리 및 기타개인서비스업,93.8
2020.12,전산업,97.3
2020.12,식료품,104.2
2020.12,음료,98.6
2020.12,섬유제품 의복제외,105.3
2020.12,의복의복악세서리및모피제품,103.3
2020.12,가죽가방및신발,109.4
2020.12,목재및나무제품 가구제외,95.3
2020.12,펄프종이및종이제품,89.1
2020.12,인쇄및기록매체복제업,105
2020.12,화학물질및화학제품 의약품제외,91.7
2020.12,의료용물질및의약품,97.1
2020.12,고무제품및플라스틱제품,95
2020.12,비금속광물제품,94.8
2020.12,1차금속,98.1
2020.12,금속가공제품 기계및가구제외,94.8
2020.12,전자부품컴퓨터영상음향및통신장비,104.3
2020.12,의료정밀광학기기및시계,97.1
2020.12,전기장비,100
2020.12,기타기계및장비,92.7
2020.12,자동차및트레일러,86.3
2020.12,기타운송장비,103.3
2020.12,가구,90.8
2020.12,기타제품,105
2020.12,비제조업,97.7
2020.12,건설업,98.7
2020.12,도매 및 소매업,97.7
2020.12,운수업,98
2020.12,숙박 및 음식점업,103
2020.12,출판영상방송통신 및 정보서비스업,92.1
2020.12,부동산업 및 임대업,94.5
2020.12,전문과학 및 기술서비스업,93.7
2020.12,사업시설관리 및 사업지원서비스업,97.9
2020.12,교육서비스업,99.2
2020.12,예술스포츠 및 여가관련서비스업,102.6
2020.12,수리 및 기타개인서비스업,96.7
2021.01,전산업,97.1
2021.01,식료품,99.6
2021.01,음료,96.7
2021.01,섬유제품 의복제외,107.8
2021.01,의복의복악세서리및모피제품,103.8
2021.01,가죽가방및신발,108.2
2021.01,목재및나무제품 가구제외,95.3
2021.01,펄프종이및종이제품,86
2021.01,인쇄및기록매체복제업,103.4
2021.01,화학물질및화학제품 의약품제외,91
2021.01,의료용물질및의약품,100
2021.01,고무제품및플라스틱제품,93.3
2021.01,비금속광물제품,92.5
2021.01,1차금속,96.7
2021.01,금속가공제품 기계및가구제외,92.4
2021.01,전자부품컴퓨터영상음향및통신장비,94.8
2021.01,의료정밀광학기기및시계,97.8
2021.01,전기장비,99.3
2021.01,기타기계및장비,96.4
2021.01,자동차및트레일러,89.7
2021.01,기타운송장비,98.2
2021.01,가구,93.3
2021.01,기타제품,104.1
2021.01,비제조업,97.7
2021.01,건설업,100.1
2021.01,도매 및 소매업,96.9
2021.01,운수업,96.2
2021.01,숙박 및 음식점업,104.3
2021.01,출판영상방송통신 및 정보서비스업,94.9
2021.01,부동산업 및 임대업,96.5
2021.01,전문과학 및 기술서비스업,92.7
2021.01,사업시설관리 및 사업지원서비스업,99.2
2021.01,교육서비스업,100
2021.01,예술스포츠 및 여가관련서비스업,105.5
2021.01,수리 및 기타개인서비스업,101.1
2021.02,전산업,96.7
2021.02,식료품,107.2
2021.02,음료,95.6
2021.02,섬유제품 의복제외,106.8
2021.02,의복의복악세서리및모피제품,105.1
2021.02,가죽가방및신발,99.3
2021.02,목재및나무제품 가구제외,94.3
2021.02,펄프종이및종이제품,91.1
2021.02,인쇄및기록매체복제업,98.5
2021.02,화학물질및화학제품 의약품제외,91.9
2021.02,의료용물질및의약품,96.3
2021.02,고무제품및플라스틱제품,92
2021.02,비금속광물제품,96
2021.02,1차금속,94.2
2021.02,금속가공제품 기계및가구제외,96.3
2021.02,전자부품컴퓨터영상음향및통신장비,103
2021.02,의료정밀광학기기및시계,97.4
2021.02,전기장비,103.5
2021.02,기타기계및장비,90.8
2021.02,자동차및트레일러,90
2021.02,기타운송장비,94.1
2021.02,가구,92.4
2021.02,기타제품,100.4
2021.02,비제조업,96.9
2021.02,건설업,97.8
2021.02,도매 및 소매업,96.7
2021.02,운수업,92.4
2021.02,숙박 및 음식점업,100.9
2021.02,출판영상방송통신 및 정보서비스업,96.6
2021.02,부동산업 및 임대업,97.4
2021.02,전문과학 및 기술서비스업,93.3
2021.02,사업시설관리 및 사업지원서비스업,97.6
2021.02,교육서비스업,102.4
2021.02,예술스포츠 및 여가관련서비스업,97.2
2021.02,수리 및 기타개인서비스업,96.7
2021.03,전산업,95.6
2021.03,식료품,97.6
2021.03,음료,93.9
2021.03,섬유제품 의복제외,101.1
2021.03,의복의복악세서리및모피제품,102.7
2021.03,가죽가방및신발,105.1
2021.03,목재및나무제품 가구제외,93
2021.03,펄프종이및종이제품,86.1
2021.03,인쇄및기록매체복제업,97.9
2021.03,화학물질및화학제품 의약품제외,88.5
2021.03,의료용물질및의약품,93.4
2021.03,고무제품및플라스틱제품,94
2021.03,비금속광물제품,87
2021.03,1차금속,93.9
2021.03,금속가공제품 기계및가구제외,96.6
2021.03,전자부품컴퓨터영상음향및통신장비,101.6
2021.03,의료정밀광학기기및시계,99.3
2021.03,전기장비,92.6
2021.03,기타기계및장비,89.3
2021.03,자동차및트레일러,87.8
2021.03,기타운송장비,90.3
2021.03,가구,91.7
2021.03,기타제품,98.9
2021.03,비제조업,96.6
2021.03,건설업,96.3
2021.03,도매 및 소매업,97.3
2021.03,운수업,94.5
2021.03,숙박 및 음식점업,96.4
2021.03,출판영상방송통신 및 정보서비스업,93.1
2021.03,부동산업 및 임대업,94.7
2021.03,전문과학 및 기술서비스업,90.2
2021.03,사업시설관리 및 사업지원서비스업,100.9
2021.03,교육서비스업,103.1
2021.03,예술스포츠 및 여가관련서비스업,99.1
2021.03,수리 및 기타개인서비스업,92.5
2021.04,전산업,94.5
2021.04,식료품,94.4
2021.04,음료,89.8
2021.04,섬유제품 의복제외,103.4
2021.04,의복의복악세서리및모피제품,99.5
2021.04,가죽가방및신발,101.9
2021.04,목재및나무제품 가구제외,87.5
2021.04,펄프종이및종이제품,82.9
2021.04,인쇄및기록매체복제업,101
2021.04,화학물질및화학제품 의약품제외,87.7
2021.04,의료용물질및의약품,96.4
2021.04,고무제품및플라스틱제품,90
2021.04,비금속광물제품,87.9
2021.04,1차금속,93.9
2021.04,금속가공제품 기계및가구제외,91.8
2021.04,전자부품컴퓨터영상음향및통신장비,97.8
2021.04,의료정밀광학기기및시계,95.8
2021.04,전기장비,99
2021.04,기타기계및장비,94.6
2021.04,자동차및트레일러,87.5
2021.04,기타운송장비,96.5
2021.04,가구,89.1
2021.04,기타제품,91.4
2021.04,비제조업,95.1
2021.04,건설업,99.4
2021.04,도매 및 소매업,94.6
2021.04,운수업,91.4
2021.04,숙박 및 음식점업,93
2021.04,출판영상방송통신 및 정보서비스업,94.6
2021.04,부동산업 및 임대업,91.4
2021.04,전문과학 및 기술서비스업,91.3
2021.04,사업시설관리 및 사업지원서비스업,96.6
2021.04,교육서비스업,98.5
2021.04,예술스포츠 및 여가관련서비스업,101.7
2021.04,수리 및 기타개인서비스업,93.2
2021.05,전산업,94.2
2021.05,식료품,95.7
2021.05,음료,92.4
2021.05,섬유제품 의복제외,105.9
2021.05,의복의복악세서리및모피제품,101.6
2021.05,가죽가방및신발,96.8
2021.05,목재및나무제품 가구제외,85
2021.05,펄프종이및종이제품,84.1
2021.05,인쇄및기록매체복제업,100.2
2021.05,화학물질및화학제품 의약품제외,91.6
2021.05,의료용물질및의약품,93.4
2021.05,고무제품및플라스틱제품,97.8
2021.05,비금속광물제품,88.5
2021.05,1차금속,95.9
2021.05,금속가공제품 기계및가구제외,92.6
2021.05,전자부품컴퓨터영상음향및통신장비,95.6
2021.05,의료정밀광학기기및시계,95.8
2021.05,전기장비,100.6
2021.05,기타기계및장비,97.7
2021.05,자동차및트레일러,94.4
2021.05,기타운송장비,97.9
2021.05,가구,90
2021.05,기타제품,94.3
2021.05,비제조업,93.4
2021.05,건설업,94.1
2021.05,도매 및 소매업,93
2021.05,운수업,92.2
2021.05,숙박 및 음식점업,95.5
2021.05,출판영상방송통신 및 정보서비스업,91.8
2021.05,부동산업 및 임대업,96.9
2021.05,전문과학 및 기술서비스업,91.8
2021.05,사업시설관리 및 사업지원서비스업,93.4
2021.05,교육서비스업,102.2
2021.05,예술스포츠 및 여가관련서비스업,97
2021.05,수리 및 기타개인서비스업,92.7
2021.06,전산업,94.5
2021.06,식료품,97.6
2021.06,음료,89.8
2021.06,섬유제품 의복제외,101.4
2021.06,의복의복악세서리및모피제품,101.7
2021.06,가죽가방및신발,100
2021.06,목재및나무제품 가구제외,84.5
2021.06,펄프종이및종이제품,84.9
2021.06,인쇄및기록매체복제업,100.4
2021.06,화학물질및화학제품 의약품제외,87.7
2021.06,의료용물질및의약품,94
2021.06,고무제품및플라스틱제품,94
2021.06,비금속광물제품,89.5
2021.06,1차금속,90.5
2021.06,금속가공제품 기계및가구제외,94
2021.06,전자부품컴퓨터영상음향및통신장비,96.9
2021.06,의료정밀광학기기및시계,97
2021.06,전기장비,96.8
2021.06,기타기계및장비,90.4
2021.06,자동차및트레일러,93.9
2021.06,기타운송장비,96.1
2021.06,가구,96.7
2021.06,기타제품,91.3
2021.06,비제조업,94.8
2021.06,건설업,94.1
2021.06,도매 및 소매업,94.8
2021.06,운수업,89
2021.06,숙박 및 음식점업,101.2
2021.06,출판영상방송통신 및 정보서비스업,93.6
2021.06,부동산업 및 임대업,100.3
2021.06,전문과학 및 기술서비스업,92.1
2021.06,사업시설관리 및 사업지원서비스업,96.5
2021.06,교육서비스업,101.4
2021.06,예술스포츠 및 여가관련서비스업,97.8
2021.06,수리 및 기타개인서비스업,95.4
2021.07,전산업,94
2021.07,식료품,96
2021.07,음료,94.6
2021.07,섬유제품 의복제외,100.5
2021.07,의복의복악세서리및모피제품,99.4
2021.07,가죽가방및신발,101
2021.07,목재및나무제품 가구제외,84.8
2021.07,펄프종이및종이제품,82.4
2021.07,인쇄및기록매체복제업,101.5
2021.07,화학물질및화학제품 의약품제외,87.2
2021.07,의료용물질및의약품,92.1
2021.07,고무제품및플라스틱제품,92.5
2021.07,비금속광물제품,88.8
2021.07,1차금속,94.3
2021.07,금속가공제품 기계및가구제외,89.6
2021.07,전자부품컴퓨터영상음향및통신장비,105
2021.07,의료정밀광학기기및시계,94.2
2021.07,전기장비,98.4
2021.07,기타기계및장비,86.1
2021.07,자동차및트레일러,91.7
2021.07,기타운송장비,93.9
2021.07,가구,102.1
2021.07,기타제품,95.6
2021.07,비제조업,94.5
2021.07,건설업,91.2
2021.07,도매 및 소매업,95.4
2021.07,운수업,93.4
2021.07,숙박 및 음식점업,101.6
2021.07,출판영상방송통신 및 정보서비스업,91.8
2021.07,부동산업 및 임대업,97.1
2021.07,전문과학 및 기술서비스업,91
2021.07,사업시설관리 및 사업지원서비스업,90.3
2021.07,교육서비스업,97
2021.07,예술스포츠 및 여가관련서비스업,97.6
2021.07,수리 및 기타개인서비스업,93.8
2021.08,전산업,95.3
2021.08,식료품,94.7
2021.08,음료,91.9
2021.08,섬유제품 의복제외,107.5
2021.08,의복의복악세서리및모피제품,98.4
2021.08,가죽가방및신발,96.5
2021.08,목재및나무제품 가구제외,83.2
2021.08,펄프종이및종이제품,91
2021.08,인쇄및기록매체복제업,103.5
2021.08,화학물질및화학제품 의약품제외,90.7
2021.08,의료용물질및의약품,92.5
2021.08,고무제품및플라스틱제품,89.3
2021.08,비금속광물제품,90.1
2021.08,1차금속,92.9
2021.08,금속가공제품 기계및가구제외,89.8
2021.08,전자부품컴퓨터영상음향및통신장비,100.6
2021.08,의료정밀광학기기및시계,94.8
2021.08,전기장비,101.6
2021.08,기타기계및장비,91.7
2021.08,자동차및트레일러,90.8
2021.08,기타운송장비,93
2021.08,가구,98.3
2021.08,기타제품,99.3
2021.08,비제조업,96.1
2021.08,건설업,95.4
2021.08,도매 및 소매업,97.5
2021.08,운수업,88.3
2021.08,숙박 및 음식점업,96.1
2021.08,출판영상방송통신 및 정보서비스업,93.3
2021.08,부동산업 및 임대업,96.3
2021.08,전문과학 및 기술서비스업,90.8
2021.08,사업시설관리 및 사업지원서비스업,92.6
2021.08,교육서비스업,102.2
2021.08,예술스포츠 및 여가관련서비스업,99.9
2021.08,수리 및 기타개인서비스업,97.4
2021.09,전산업,93.9
2021.09,식료품,87.5
2021.09,음료,94
2021.09,섬유제품 의복제외,104.1
2021.09,의복의복악세서리및모피제품,95.5
2021.09,가죽가방및신발,97.9
2021.09,목재및나무제품 가구제외,82
2021.09,펄프종이및종이제품,81.4
2021.09,인쇄및기록매체복제업,97.9
2021.09,화학물질및화학제품 의약품제외,94.1
2021.09,의료용물질및의약품,93
2021.09,고무제품및플라스틱제품,85.3
2021.09,비금속광물제품,90.1
2021.09,1차금속,95.1
2021.09,금속가공제품 기계및가구제외,91.3
2021.09,전자부품컴퓨터영상음향및통신장비,97.5
2021.09,의료정밀광학기기및시계,96.3
2021.09,전기장비,102.5
2021.09,기타기계및장비,90.9
2021.09,자동차및트레일러,96.2
2021.09,기타운송장비,93.6
2021.09,가구,99.2
2021.09,기타제품,98.7
2021.09,비제조업,94.3
2021.09,건설업,94.4
2021.09,도매 및 소매업,94.2
2021.09,운수업,93.5
2021.09,숙박 및 음식점업,96.2
2021.09,출판영상방송통신 및 정보서비스업,91.2
2021.09,부동산업 및 임대업,95.9
2021.09,전문과학 및 기술서비스업,92.5
2021.09,사업시설관리 및 사업지원서비스업,95.3
2021.09,교육서비스업,105.9
2021.09,예술스포츠 및 여가관련서비스업,96.7
2021.09,수리 및 기타개인서비스업,94.8
2021.1,전산업,94.3
2021.1,식료품,88.4
2021.1,음료,95.4
2021.1,섬유제품 의복제외,100.5
2021.1,의복의복악세서리및모피제품,99.5
2021.1,가죽가방및신발,90.2
2021.1,목재및나무제품 가구제외,80.4
2021.1,펄프종이및종이제품,83.4
2021.1,인쇄및기록매체복제업,96.3
2021.1,화학물질및화학제품 의약품제외,90.7
2021.1,의료용물질및의약품,94.6
2021.1,고무제품및플라스틱제품,87.6
2021.1,비금속광물제품,89.4
2021.1,1차금속,92
2021.1,금속가공제품 기계및가구제외,94.2
2021.1,전자부품컴퓨터영상음향및통신장비,97
2021.1,의료정밀광학기기및시계,96.8
2021.1,전기장비,99.3
2021.1,기타기계및장비,93.5
2021.1,자동차및트레일러,99.6
2021.1,기타운송장비,99.3
2021.1,가구,98.4
2021.1,기타제품,93.8
2021.1,비제조업,94.6
2021.1,건설업,91.9
2021.1,도매 및 소매업,96.1
2021.1,운수업,89.4
2021.1,숙박 및 음식점업,96.8
2021.1,출판영상방송통신 및 정보서비스업,90.3
2021.1,부동산업 및 임대업,94.6
2021.1,전문과학 및 기술서비스업,90.5
2021.1,사업시설관리 및 사업지원서비스업,92.9
2021.1,교육서비스업,104.4
2021.1,예술스포츠 및 여가관련서비스업,101.5
2021.1,수리 및 기타개인서비스업,92.4
2021.11,전산업,93.7
2021.11,식료품,89.2
2021.11,음료,88.4
2021.11,섬유제품 의복제외,93.7
2021.11,의복의복악세서리및모피제품,98.3
2021.11,가죽가방및신발,97.4
2021.11,목재및나무제품 가구제외,77.1
2021.11,펄프종이및종이제품,86.2
2021.11,인쇄및기록매체복제업,93.4
2021.11,화학물질및화학제품 의약품제외,88.1
2021.11,의료용물질및의약품,92.6
2021.11,고무제품및플라스틱제품,91.8
2021.11,비금속광물제품,88
2021.11,1차금속,91.7
2021.11,금속가공제품 기계및가구제외,90.7
2021.11,전자부품컴퓨터영상음향및통신장비,98.4
2021.11,의료정밀광학기기및시계,93.6
2021.11,전기장비,98.9
2021.11,기타기계및장비,96
2021.11,자동차및트레일러,90.5
2021.11,기타운송장비,91.2
2021.11,가구,93.7
2021.11,기타제품,94.7
2021.11,비제조업,94.3
2021.11,건설업,92.6
2021.11,도매 및 소매업,96
2021.11,운수업,87.5
2021.11,숙박 및 음식점업,91.5
2021.11,출판영상방송통신 및 정보서비스업,92.3
2021.11,부동산업 및 임대업,91.1
2021.11,전문과학 및 기술서비스업,93.2
2021.11,사업시설관리 및 사업지원서비스업,89.7
2021.11,교육서비스업,100.8
2021.11,예술스포츠 및 여가관련서비스업,97
2021.11,수리 및 기타개인서비스업,95.7
2021.12,전산업,94
2021.12,식료품,90.1
2021.12,음료,86.9
2021.12,섬유제품 의복제외,100.4
2021.12,의복의복악세서리및모피제품,98.4
2021.12,가죽가방및신발,100.3
2021.12,목재및나무제품 가구제외,78.7
2021.12,펄프종이및종이제품,85.9
2021.12,인쇄및기록매체복제업,88
2021.12,화학물질및화학제품 의약품제외,89.1
2021.12,의료용물질및의약품,90.7
2021.12,고무제품및플라스틱제품,88.4
2021.12,비금속광물제품,84.8
2021.12,1차금속,90.3
2021.12,금속가공제품 기계및가구제외,93.4
2021.12,전자부품컴퓨터영상음향및통신장비,98.4
2021.12,의료정밀광학기기및시계,98
2021.12,전기장비,98.1
2021.12,기타기계및장비,88.9
2021.12,자동차및트레일러,88.6
2021.12,기타운송장비,92.7
2021.12,가구,88.4
2021.12,기타제품,96.1
2021.12,비제조업,95.2
2021.12,건설업,92.2
2021.12,도매 및 소매업,97.4
2021.12,운수업,89.3
2021.12,숙박 및 음식점업,98.1
2021.12,출판영상방송통신 및 정보서비스업,91.3
2021.12,부동산업 및 임대업,91.9
2021.12,전문과학 및 기술서비스업,91.6
2021.12,사업시설관리 및 사업지원서비스업,89.3
2021.12,교육서비스업,100.7
2021.12,예술스포츠 및 여가관련서비스업,91.8
2021.12,수리 및 기타개인서비스업,94.2
2022.01,전산업,92.3
2022.01,식료품,93.5
2022.01,음료,93.9
2022.01,섬유제품 의복제외,102.7
2022.01,의복의복악세서리및모피제품,97.8
2022.01,가죽가방및신발,96.6
2022.01,목재및나무제품 가구제외,86.4
2022.01,펄프종이및종이제품,85.4
2022.01,인쇄및기록매체복제업,91.4
2022.01,화학물질및화학제품 의약품제외,89.8
2022.01,의료용물질및의약품,91
2022.01,고무제품및플라스틱제품,91.8
2022.01,비금속광물제품,94.5
2022.01,1차금속,91.8
2022.01,금속가공제품 기계및가구제외,88.5
2022.01,전자부품컴퓨터영상음향및통신장비,93.8
2022.01,의료정밀광학기기및시계,99.3
2022.01,전기장비,95.5
2022.01,기타기계및장비,92.5
2022.01,자동차및트레일러,91.4
2022.01,기타운송장비,89.4
2022.01,가구,91.2
2022.01,기타제품,96.5
2022.01,비제조업,92.1
2022.01,건설업,93.2
2022.01,도매 및 소매업,91.3
2022.01,운수업,89.8
2022.01,숙박 및 음식점업,102.9
2022.01,출판영상방송통신 및 정보서비스업,89.9
2022.01,부동산업 및 임대업,92.5
2022.01,전문과학 및 기술서비스업,88
2022.01,사업시설관리 및 사업지원서비스업,91.3
2022.01,교육서비스업,99.1
2022.01,예술스포츠 및 여가관련서비스업,96.2
2022.01,수리 및 기타개인서비스업,95.2
2022.02,전산업,93.1
2022.02,식료품,96
2022.02,음료,99.2
2022.02,섬유제품 의복제외,97.7
2022.02,의복의복악세서리및모피제품,93.6
2022.02,가죽가방및신발,95.2
2022.02,목재및나무제품 가구제외,82.6
2022.02,펄프종이및종이제품,82.8
2022.02,인쇄및기록매체복제업,96.2
2022.02,화학물질및화학제품 의약품제외,83.2
2022.02,의료용물질및의약품,93.3
2022.02,고무제품및플라스틱제품,84.5
2022.02,비금속광물제품,92.3
2022.02,1차금속,90
2022.02,금속가공제품 기계및가구제외,87.3
2022.02,전자부품컴퓨터영상음향및통신장비,97.9
2022.02,의료정밀광학기기및시계,95.8
2022.02,전기장비,98.2
2022.02,기타기계및장비,93.2
2022.02,자동차및트레일러,83.4
2022.02,기타운송장비,87.9
2022.02,가구,90.7
2022.02,기타제품,94.9
2022.02,비제조업,94.3
2022.02,건설업,96.1
2022.02,도매 및 소매업,94.4
2022.02,운수업,92.6
2022.02,숙박 및 음식점업,98.1
2022.02,출판영상방송통신 및 정보서비스업,92.1
2022.02,부동산업 및 임대업,90.6
2022.02,전문과학 및 기술서비스업,91.9
2022.02,사업시설관리 및 사업지원서비스업,87.7
2022.02,교육서비스업,100.7
2022.02,예술스포츠 및 여가관련서비스업,90.4
2022.02,수리 및 기타개인서비스업,94.7
2022.03,전산업,92
2022.03,식료품,87.8
2022.03,음료,97.4
2022.03,섬유제품 의복제외,98.7
2022.03,의복의복악세서리및모피제품,93.6
2022.03,가죽가방및신발,93.4
2022.03,목재및나무제품 가구제외,80.9
2022.03,펄프종이및종이제품,83
2022.03,인쇄및기록매체복제업,90.5
2022.03,화학물질및화학제품 의약품제외,87.2
2022.03,의료용물질및의약품,88.5
2022.03,고무제품및플라스틱제품,83.7
2022.03,비금속광물제품,82.4
2022.03,1차금속,91.4
2022.03,금속가공제품 기계및가구제외,87.9
2022.03,전자부품컴퓨터영상음향및통신장비,92.8
2022.03,의료정밀광학기기및시계,95.8
2022.03,전기장비,90
2022.03,기타기계및장비,89.6
2022.03,자동차및트레일러,87.7
2022.03,기타운송장비,95.9
2022.03,가구,90.3
2022.03,기타제품,101.1
2022.03,비제조업,93.5
2022.03,건설업,94.4
2022.03,도매 및 소매업,93.8
2022.03,운수업,88
2022.03,숙박 및 음식점업,93.1
2022.03,출판영상방송통신 및 정보서비스업,91.2
2022.03,부동산업 및 임대업,94.7
2022.03,전문과학 및 기술서비스업,91.2
2022.03,사업시설관리 및 사업지원서비스업,92.9
2022.03,교육서비스업,105.7
2022.03,예술스포츠 및 여가관련서비스업,90.2
2022.03,수리 및 기타개인서비스업,94.3
2022.04,전산업,92.8
2022.04,식료품,91.9
2022.04,음료,94.3
2022.04,섬유제품 의복제외,101.6
2022.04,의복의복악세서리및모피제품,93.9
2022.04,가죽가방및신발,93.2
2022.04,목재및나무제품 가구제외,76
2022.04,펄프종이및종이제품,84.4
2022.04,인쇄및기록매체복제업,94.2
2022.04,화학물질및화학제품 의약품제외,85.2
2022.04,의료용물질및의약품,85.3
2022.04,고무제품및플라스틱제품,85.3
2022.04,비금속광물제품,84
2022.04,1차금속,89
2022.04,금속가공제품 기계및가구제외,82.8
2022.04,전자부품컴퓨터영상음향및통신장비,90.1
2022.04,의료정밀광학기기및시계,90.3
2022.04,전기장비,94.5
2022.04,기타기계및장비,92.6
2022.04,자동차및트레일러,83.1
2022.04,기타운송장비,92.2
2022.04,가구,91.9
2022.04,기타제품,98.3
2022.04,비제조업,94.9
2022.04,건설업,95.3
2022.04,도매 및 소매업,95.7
2022.04,운수업,90.6
2022.04,숙박 및 음식점업,92.8
2022.04,출판영상방송통신 및 정보서비스업,92.2
2022.04,부동산업 및 임대업,99
2022.04,전문과학 및 기술서비스업,89.7
2022.04,사업시설관리 및 사업지원서비스업,90.3
2022.04,교육서비스업,105.1
2022.04,예술스포츠 및 여가관련서비스업,89
2022.04,수리 및 기타개인서비스업,93.6
