시점,구분별,수출실적SBHI
2015.02,전산업,82.8
2015.02,식료품,82.8
2015.02,음료,98.3
2015.02,섬유제품 의복제외,50.8
2015.02,의복의복악세서리및모피제품,49.1
2015.02,가죽가방및신발,90.6
2015.02,목재및나무제품 가구제외,33.6
2015.02,펄프종이및종이제품,78.1
2015.02,인쇄및기록매체복제업,80.8
2015.02,화학물질및화학제품 의약품제외,91.8
2015.02,의료용물질및의약품,100.8
2015.02,고무제품및플라스틱제품,83.2
2015.02,비금속광물제품,89.1
2015.02,1차금속,71.1
2015.02,금속가공제품 기계및가구제외,81.3
2015.02,전자부품컴퓨터영상음향및통신장비,93.4
2015.02,의료정밀광학기기및시계,79.6
2015.02,전기장비,81
2015.02,기타기계및장비,78
2015.02,자동차및트레일러,86.4
2015.02,기타운송장비,89.8
2015.02,가구,73.6
2015.02,기타제품,66.4
2015.02,비제조업,85.3
2015.02,건설업,85.9
2015.02,도매 및 소매업,86
2015.02,운수업,106.7
2015.02,숙박 및 음식점업,-
2015.02,출판영상방송통신 및 정보서비스업,62.7
2015.02,부동산업 및 임대업,-
2015.02,전문과학 및 기술서비스업,82.1
2015.02,사업시설관리 및 사업지원서비스업,50
2015.02,교육서비스업,-
2015.02,예술스포츠 및 여가관련서비스업,100
2015.02,수리 및 기타개인서비스업,50
2015.03,전산업,84.7
2015.03,식료품,95.4
2015.03,음료,107.9
2015.03,섬유제품 의복제외,63.6
2015.03,의복의복악세서리및모피제품,66.7
2015.03,가죽가방및신발,89.5
2015.03,목재및나무제품 가구제외,50
2015.03,펄프종이및종이제품,71.7
2015.03,인쇄및기록매체복제업,100.8
2015.03,화학물질및화학제품 의약품제외,96.1
2015.03,의료용물질및의약품,96.6
2015.03,고무제품및플라스틱제품,79.2
2015.03,비금속광물제품,115.2
2015.03,1차금속,86.2
2015.03,금속가공제품 기계및가구제외,82.4
2015.03,전자부품컴퓨터영상음향및통신장비,100
2015.03,의료정밀광학기기및시계,90.3
2015.03,전기장비,88.5
2015.03,기타기계및장비,75.4
2015.03,자동차및트레일러,86.6
2015.03,기타운송장비,86.5
2015.03,가구,76.8
2015.03,기타제품,82.5
2015.03,비제조업,100
2015.03,건설업,78.2
2015.03,도매 및 소매업,77.6
2015.03,운수업,98.3
2015.03,숙박 및 음식점업,-
2015.03,출판영상방송통신 및 정보서비스업,79.8
2015.03,부동산업 및 임대업,-
2015.03,전문과학 및 기술서비스업,85.2
2015.03,사업시설관리 및 사업지원서비스업,50
2015.03,교육서비스업,-
2015.03,예술스포츠 및 여가관련서비스업,50
2015.03,수리 및 기타개인서비스업,101.6
2015.04,전산업,84.7
2015.04,식료품,88.7
2015.04,음료,97.4
2015.04,섬유제품 의복제외,66.3
2015.04,의복의복악세서리및모피제품,66.5
2015.04,가죽가방및신발,110
2015.04,목재및나무제품 가구제외,57.3
2015.04,펄프종이및종이제품,85.2
2015.04,인쇄및기록매체복제업,71.1
2015.04,화학물질및화학제품 의약품제외,98.2
2015.04,의료용물질및의약품,107.3
2015.04,고무제품및플라스틱제품,88.9
2015.04,비금속광물제품,98.4
2015.04,1차금속,85.2
2015.04,금속가공제품 기계및가구제외,83.3
2015.04,전자부품컴퓨터영상음향및통신장비,97.8
2015.04,의료정밀광학기기및시계,90.9
2015.04,전기장비,86.4
2015.04,기타기계및장비,73.5
2015.04,자동차및트레일러,90.6
2015.04,기타운송장비,98.7
2015.04,가구,70.2
2015.04,기타제품,81.9
2015.04,비제조업,80.9
2015.04,건설업,78.7
2015.04,도매 및 소매업,78.4
2015.04,운수업,84.7
2015.04,숙박 및 음식점업,-
2015.04,출판영상방송통신 및 정보서비스업,95.9
2015.04,부동산업 및 임대업,-
2015.04,전문과학 및 기술서비스업,87.5
2015.04,사업시설관리 및 사업지원서비스업,50
2015.04,교육서비스업,-
2015.04,예술스포츠 및 여가관련서비스업,50
2015.04,수리 및 기타개인서비스업,48.4
2015.05,전산업,84
2015.05,식료품,105.2
2015.05,음료,108.2
2015.05,섬유제품 의복제외,85.6
2015.05,의복의복악세서리및모피제품,91.8
2015.05,가죽가방및신발,108.3
2015.05,목재및나무제품 가구제외,100
2015.05,펄프종이및종이제품,97
2015.05,인쇄및기록매체복제업,128.3
2015.05,화학물질및화학제품 의약품제외,94.6
2015.05,의료용물질및의약품,108.3
2015.05,고무제품및플라스틱제품,84.8
2015.05,비금속광물제품,89.2
2015.05,1차금속,87.1
2015.05,금속가공제품 기계및가구제외,81.6
2015.05,전자부품컴퓨터영상음향및통신장비,75.2
2015.05,의료정밀광학기기및시계,88.9
2015.05,전기장비,79.9
2015.05,기타기계및장비,82.4
2015.05,자동차및트레일러,107.1
2015.05,기타운송장비,89.3
2015.05,가구,61.3
2015.05,기타제품,84.7
2015.05,비제조업,89.9
2015.05,건설업,63.9
2015.05,도매 및 소매업,61.2
2015.05,운수업,104
2015.05,숙박 및 음식점업,-
2015.05,출판영상방송통신 및 정보서비스업,99.6
2015.05,부동산업 및 임대업,-
2015.05,전문과학 및 기술서비스업,92.5
2015.05,사업시설관리 및 사업지원서비스업,71.5
2015.05,교육서비스업,-
2015.05,예술스포츠 및 여가관련서비스업,50
2015.05,수리 및 기타개인서비스업,50
2015.06,전산업,79.1
2015.06,식료품,88.8
2015.06,음료,93.1
2015.06,섬유제품 의복제외,60.1
2015.06,의복의복악세서리및모피제품,56
2015.06,가죽가방및신발,83.6
2015.06,목재및나무제품 가구제외,50
2015.06,펄프종이및종이제품,67.8
2015.06,인쇄및기록매체복제업,50.3
2015.06,화학물질및화학제품 의약품제외,83.3
2015.06,의료용물질및의약품,100
2015.06,고무제품및플라스틱제품,82.3
2015.06,비금속광물제품,75.5
2015.06,1차금속,74.9
2015.06,금속가공제품 기계및가구제외,83.6
2015.06,전자부품컴퓨터영상음향및통신장비,88.1
2015.06,의료정밀광학기기및시계,79.1
2015.06,전기장비,75.5
2015.06,기타기계및장비,79.5
2015.06,자동차및트레일러,85.9
2015.06,기타운송장비,80.9
2015.06,가구,54.4
2015.06,기타제품,67.8
2015.06,비제조업,89.9
2015.06,건설업,73.6
2015.06,도매 및 소매업,73.5
2015.06,운수업,70.9
2015.06,숙박 및 음식점업,-
2015.06,출판영상방송통신 및 정보서비스업,95.9
2015.06,부동산업 및 임대업,-
2015.06,전문과학 및 기술서비스업,69
2015.06,사업시설관리 및 사업지원서비스업,100
2015.06,교육서비스업,-
2015.06,예술스포츠 및 여가관련서비스업,0
2015.06,수리 및 기타개인서비스업,150
2015.07,전산업,80.8
2015.07,식료품,90
2015.07,음료,82.5
2015.07,섬유제품 의복제외,65.9
2015.07,의복의복악세서리및모피제품,71.2
2015.07,가죽가방및신발,80.2
2015.07,목재및나무제품 가구제외,50
2015.07,펄프종이및종이제품,74
2015.07,인쇄및기록매체복제업,59.5
2015.07,화학물질및화학제품 의약품제외,88.1
2015.07,의료용물질및의약품,88.1
2015.07,고무제품및플라스틱제품,85.1
2015.07,비금속광물제품,91.6
2015.07,1차금속,80.5
2015.07,금속가공제품 기계및가구제외,80.7
2015.07,전자부품컴퓨터영상음향및통신장비,77.8
2015.07,의료정밀광학기기및시계,79.9
2015.07,전기장비,79.6
2015.07,기타기계및장비,68.7
2015.07,자동차및트레일러,91.7
2015.07,기타운송장비,88
2015.07,가구,56.7
2015.07,기타제품,91.1
2015.07,비제조업,73.9
2015.07,건설업,82.7
2015.07,도매 및 소매업,83
2015.07,운수업,80.2
2015.07,숙박 및 음식점업,-
2015.07,출판영상방송통신 및 정보서비스업,103.7
2015.07,부동산업 및 임대업,-
2015.07,전문과학 및 기술서비스업,74.9
2015.07,사업시설관리 및 사업지원서비스업,43.1
2015.07,교육서비스업,-
2015.07,예술스포츠 및 여가관련서비스업,-
2015.07,수리 및 기타개인서비스업,85.4
2015.08,전산업,80.8
2015.08,식료품,97.5
2015.08,음료,103
2015.08,섬유제품 의복제외,71.7
2015.08,의복의복악세서리및모피제품,74.1
2015.08,가죽가방및신발,71.4
2015.08,목재및나무제품 가구제외,40
2015.08,펄프종이및종이제품,87.6
2015.08,인쇄및기록매체복제업,65.2
2015.08,화학물질및화학제품 의약품제외,89.8
2015.08,의료용물질및의약품,98.3
2015.08,고무제품및플라스틱제품,79.9
2015.08,비금속광물제품,84.5
2015.08,1차금속,77.5
2015.08,금속가공제품 기계및가구제외,79.6
2015.08,전자부품컴퓨터영상음향및통신장비,90.3
2015.08,의료정밀광학기기및시계,83.4
2015.08,전기장비,62.6
2015.08,기타기계및장비,84.5
2015.08,자동차및트레일러,80.3
2015.08,기타운송장비,73.7
2015.08,가구,57.9
2015.08,기타제품,81.9
2015.08,비제조업,86.8
2015.08,건설업,75.2
2015.08,도매 및 소매업,75.4
2015.08,운수업,56.4
2015.08,숙박 및 음식점업,100
2015.08,출판영상방송통신 및 정보서비스업,80.4
2015.08,부동산업 및 임대업,100
2015.08,전문과학 및 기술서비스업,78.9
2015.08,사업시설관리 및 사업지원서비스업,62.3
2015.08,교육서비스업,-
2015.08,예술스포츠 및 여가관련서비스업,-
2015.08,수리 및 기타개인서비스업,100
2015.09,전산업,80.1
2015.09,식료품,98
2015.09,음료,103.6
2015.09,섬유제품 의복제외,72.1
2015.09,의복의복악세서리및모피제품,90
2015.09,가죽가방및신발,79
2015.09,목재및나무제품 가구제외,63.5
2015.09,펄프종이및종이제품,94.8
2015.09,인쇄및기록매체복제업,67.4
2015.09,화학물질및화학제품 의약품제외,90.4
2015.09,의료용물질및의약품,98.1
2015.09,고무제품및플라스틱제품,90.6
2015.09,비금속광물제품,82.4
2015.09,1차금속,82.1
2015.09,금속가공제품 기계및가구제외,76.3
2015.09,전자부품컴퓨터영상음향및통신장비,94.4
2015.09,의료정밀광학기기및시계,83.4
2015.09,전기장비,79.7
2015.09,기타기계및장비,75.6
2015.09,자동차및트레일러,84
2015.09,기타운송장비,75.4
2015.09,가구,61.5
2015.09,기타제품,79.4
2015.09,비제조업,102.1
2015.09,건설업,68.1
2015.09,도매 및 소매업,67.7
2015.09,운수업,56.6
2015.09,숙박 및 음식점업,50
2015.09,출판영상방송통신 및 정보서비스업,75.5
2015.09,부동산업 및 임대업,50
2015.09,전문과학 및 기술서비스업,92.6
2015.09,사업시설관리 및 사업지원서비스업,66.4
2015.09,교육서비스업,-
2015.09,예술스포츠 및 여가관련서비스업,-
2015.09,수리 및 기타개인서비스업,100
2015.1,전산업,80.3
2015.1,식료품,96.6
2015.1,음료,93.4
2015.1,섬유제품 의복제외,70.2
2015.1,의복의복악세서리및모피제품,86.4
2015.1,가죽가방및신발,60.5
2015.1,목재및나무제품 가구제외,66.7
2015.1,펄프종이및종이제품,85
2015.1,인쇄및기록매체복제업,62.9
2015.1,화학물질및화학제품 의약품제외,89.3
2015.1,의료용물질및의약품,98.7
2015.1,고무제품및플라스틱제품,89.4
2015.1,비금속광물제품,69.8
2015.1,1차금속,84.4
2015.1,금속가공제품 기계및가구제외,90
2015.1,전자부품컴퓨터영상음향및통신장비,94.1
2015.1,의료정밀광학기기및시계,82.2
2015.1,전기장비,73.6
2015.1,기타기계및장비,77
2015.1,자동차및트레일러,85.9
2015.1,기타운송장비,83.6
2015.1,가구,72.7
2015.1,기타제품,93.5
2015.1,비제조업,80.7
2015.1,건설업,70.9
2015.1,도매 및 소매업,69.4
2015.1,운수업,79.6
2015.1,숙박 및 음식점업,-
2015.1,출판영상방송통신 및 정보서비스업,88.1
2015.1,부동산업 및 임대업,50
2015.1,전문과학 및 기술서비스업,101.5
2015.1,사업시설관리 및 사업지원서비스업,70.8
2015.1,교육서비스업,-
2015.1,예술스포츠 및 여가관련서비스업,100
2015.1,수리 및 기타개인서비스업,100
2015.11,전산업,83.2
2015.11,식료품,92.2
2015.11,음료,90.1
2015.11,섬유제품 의복제외,57.1
2015.11,의복의복악세서리및모피제품,67.4
2015.11,가죽가방및신발,79.9
2015.11,목재및나무제품 가구제외,63.9
2015.11,펄프종이및종이제품,94.7
2015.11,인쇄및기록매체복제업,85.3
2015.11,화학물질및화학제품 의약품제외,84.8
2015.11,의료용물질및의약품,97.7
2015.11,고무제품및플라스틱제품,73.3
2015.11,비금속광물제품,67.7
2015.11,1차금속,89.8
2015.11,금속가공제품 기계및가구제외,81.6
2015.11,전자부품컴퓨터영상음향및통신장비,74.2
2015.11,의료정밀광학기기및시계,87
2015.11,전기장비,75
2015.11,기타기계및장비,78
2015.11,자동차및트레일러,89.6
2015.11,기타운송장비,68.2
2015.11,가구,73
2015.11,기타제품,89.6
2015.11,비제조업,80.9
2015.11,건설업,88.4
2015.11,도매 및 소매업,89.2
2015.11,운수업,66.3
2015.11,숙박 및 음식점업,95.5
2015.11,출판영상방송통신 및 정보서비스업,87.6
2015.11,부동산업 및 임대업,100
2015.11,전문과학 및 기술서비스업,86.8
2015.11,사업시설관리 및 사업지원서비스업,85.9
2015.11,교육서비스업,-
2015.11,예술스포츠 및 여가관련서비스업,100
2015.11,수리 및 기타개인서비스업,100
2015.12,전산업,77.8
2015.12,식료품,100.9
2015.12,음료,94
2015.12,섬유제품 의복제외,69.8
2015.12,의복의복악세서리및모피제품,68.3
2015.12,가죽가방및신발,89.2
2015.12,목재및나무제품 가구제외,68.5
2015.12,펄프종이및종이제품,84.3
2015.12,인쇄및기록매체복제업,70.6
2015.12,화학물질및화학제품 의약품제외,93.1
2015.12,의료용물질및의약품,95.8
2015.12,고무제품및플라스틱제품,76.5
2015.12,비금속광물제품,89.9
2015.12,1차금속,86.3
2015.12,금속가공제품 기계및가구제외,72.7
2015.12,전자부품컴퓨터영상음향및통신장비,79.5
2015.12,의료정밀광학기기및시계,67.8
2015.12,전기장비,88.3
2015.12,기타기계및장비,77.3
2015.12,자동차및트레일러,82
2015.12,기타운송장비,77.2
2015.12,가구,84.5
2015.12,기타제품,70.7
2015.12,비제조업,82.9
2015.12,건설업,67.6
2015.12,도매 및 소매업,66
2015.12,운수업,76.5
2015.12,숙박 및 음식점업,99.8
2015.12,출판영상방송통신 및 정보서비스업,73.3
2015.12,부동산업 및 임대업,76.2
2015.12,전문과학 및 기술서비스업,71.8
2015.12,사업시설관리 및 사업지원서비스업,80.7
2015.12,교육서비스업,-
2015.12,예술스포츠 및 여가관련서비스업,66.3
2015.12,수리 및 기타개인서비스업,100
2016.01,전산업,74.9
2016.01,식료품,91.2
2016.01,음료,81.4
2016.01,섬유제품 의복제외,57.5
2016.01,의복의복악세서리및모피제품,67.3
2016.01,가죽가방및신발,78.1
2016.01,목재및나무제품 가구제외,55
2016.01,펄프종이및종이제품,80.5
2016.01,인쇄및기록매체복제업,61.7
2016.01,화학물질및화학제품 의약품제외,88.5
2016.01,의료용물질및의약품,94.2
2016.01,고무제품및플라스틱제품,60.2
2016.01,비금속광물제품,80.7
2016.01,1차금속,86.1
2016.01,금속가공제품 기계및가구제외,78.5
2016.01,전자부품컴퓨터영상음향및통신장비,77.5
2016.01,의료정밀광학기기및시계,82.9
2016.01,전기장비,70.4
2016.01,기타기계및장비,73.3
2016.01,자동차및트레일러,90.1
2016.01,기타운송장비,70.3
2016.01,가구,66.1
2016.01,기타제품,81.2
2016.01,비제조업,86.6
2016.01,건설업,64.8
2016.01,도매 및 소매업,62.7
2016.01,운수업,90.4
2016.01,숙박 및 음식점업,50
2016.01,출판영상방송통신 및 정보서비스업,64
2016.01,부동산업 및 임대업,98.2
2016.01,전문과학 및 기술서비스업,76.1
2016.01,사업시설관리 및 사업지원서비스업,92.5
2016.01,교육서비스업,100
2016.01,예술스포츠 및 여가관련서비스업,33.7
2016.01,수리 및 기타개인서비스업,58.7
2016.02,전산업,71.9
2016.02,식료품,86.2
2016.02,음료,86
2016.02,섬유제품 의복제외,49.3
2016.02,의복의복악세서리및모피제품,56.9
2016.02,가죽가방및신발,54.9
2016.02,목재및나무제품 가구제외,42.3
2016.02,펄프종이및종이제품,91.7
2016.02,인쇄및기록매체복제업,80.3
2016.02,화학물질및화학제품 의약품제외,81
2016.02,의료용물질및의약품,91.3
2016.02,고무제품및플라스틱제품,63.1
2016.02,비금속광물제품,78.5
2016.02,1차금속,86.5
2016.02,금속가공제품 기계및가구제외,67.5
2016.02,전자부품컴퓨터영상음향및통신장비,71.6
2016.02,의료정밀광학기기및시계,70.5
2016.02,전기장비,82.9
2016.02,기타기계및장비,68.3
2016.02,자동차및트레일러,84.1
2016.02,기타운송장비,63.8
2016.02,가구,71.1
2016.02,기타제품,73.5
2016.02,비제조업,72.8
2016.02,건설업,65.1
2016.02,도매 및 소매업,63.8
2016.02,운수업,89.2
2016.02,숙박 및 음식점업,50
2016.02,출판영상방송통신 및 정보서비스업,82.4
2016.02,부동산업 및 임대업,74.2
2016.02,전문과학 및 기술서비스업,62.3
2016.02,사업시설관리 및 사업지원서비스업,68
2016.02,교육서비스업,-
2016.02,예술스포츠 및 여가관련서비스업,100
2016.02,수리 및 기타개인서비스업,71.4
2016.03,전산업,86
2016.03,식료품,97.3
2016.03,음료,86.7
2016.03,섬유제품 의복제외,71.4
2016.03,의복의복악세서리및모피제품,62.8
2016.03,가죽가방및신발,96.6
2016.03,목재및나무제품 가구제외,84
2016.03,펄프종이및종이제품,98.7
2016.03,인쇄및기록매체복제업,88
2016.03,화학물질및화학제품 의약품제외,91.9
2016.03,의료용물질및의약품,91.4
2016.03,고무제품및플라스틱제품,91.6
2016.03,비금속광물제품,90.7
2016.03,1차금속,98.1
2016.03,금속가공제품 기계및가구제외,84.5
2016.03,전자부품컴퓨터영상음향및통신장비,82.3
2016.03,의료정밀광학기기및시계,78.8
2016.03,전기장비,100.7
2016.03,기타기계및장비,74.4
2016.03,자동차및트레일러,90.8
2016.03,기타운송장비,86.5
2016.03,가구,101.6
2016.03,기타제품,77
2016.03,비제조업,88.3
2016.03,건설업,75.4
2016.03,도매 및 소매업,71.4
2016.03,운수업,94.4
2016.03,숙박 및 음식점업,-
2016.03,출판영상방송통신 및 정보서비스업,88.1
2016.03,부동산업 및 임대업,100
2016.03,전문과학 및 기술서비스업,84
2016.03,사업시설관리 및 사업지원서비스업,64.4
2016.03,교육서비스업,-
2016.03,예술스포츠 및 여가관련서비스업,100
2016.03,수리 및 기타개인서비스업,67.1
2016.04,전산업,86.2
2016.04,식료품,99
2016.04,음료,108.3
2016.04,섬유제품 의복제외,67.8
2016.04,의복의복악세서리및모피제품,73.2
2016.04,가죽가방및신발,79.3
2016.04,목재및나무제품 가구제외,50
2016.04,펄프종이및종이제품,90.5
2016.04,인쇄및기록매체복제업,91.3
2016.04,화학물질및화학제품 의약품제외,97.1
2016.04,의료용물질및의약품,102.7
2016.04,고무제품및플라스틱제품,85.1
2016.04,비금속광물제품,81
2016.04,1차금속,92.6
2016.04,금속가공제품 기계및가구제외,100.7
2016.04,전자부품컴퓨터영상음향및통신장비,95.9
2016.04,의료정밀광학기기및시계,81.7
2016.04,전기장비,95.2
2016.04,기타기계및장비,81.8
2016.04,자동차및트레일러,91.4
2016.04,기타운송장비,75.5
2016.04,가구,72.6
2016.04,기타제품,73.1
2016.04,비제조업,65.7
2016.04,건설업,71.6
2016.04,도매 및 소매업,64.7
2016.04,운수업,101.7
2016.04,숙박 및 음식점업,0
2016.04,출판영상방송통신 및 정보서비스업,74.7
2016.04,부동산업 및 임대업,100
2016.04,전문과학 및 기술서비스업,90.9
2016.04,사업시설관리 및 사업지원서비스업,99.9
2016.04,교육서비스업,-
2016.04,예술스포츠 및 여가관련서비스업,50
2016.04,수리 및 기타개인서비스업,82.3
2016.05,전산업,87.9
2016.05,식료품,103.9
2016.05,음료,101.1
2016.05,섬유제품 의복제외,74.3
2016.05,의복의복악세서리및모피제품,89.5
2016.05,가죽가방및신발,82.9
2016.05,목재및나무제품 가구제외,35.7
2016.05,펄프종이및종이제품,95.6
2016.05,인쇄및기록매체복제업,93.3
2016.05,화학물질및화학제품 의약품제외,88.8
2016.05,의료용물질및의약품,94.7
2016.05,고무제품및플라스틱제품,95.2
2016.05,비금속광물제품,80.6
2016.05,1차금속,91.4
2016.05,금속가공제품 기계및가구제외,94.3
2016.05,전자부품컴퓨터영상음향및통신장비,91.7
2016.05,의료정밀광학기기및시계,88
2016.05,전기장비,94.5
2016.05,기타기계및장비,85.9
2016.05,자동차및트레일러,87.1
2016.05,기타운송장비,78.8
2016.05,가구,84
2016.05,기타제품,91.4
2016.05,비제조업,78.3
2016.05,건설업,78.8
2016.05,도매 및 소매업,80.2
2016.05,운수업,96.4
2016.05,숙박 및 음식점업,-
2016.05,출판영상방송통신 및 정보서비스업,87.3
2016.05,부동산업 및 임대업,57.8
2016.05,전문과학 및 기술서비스업,59.8
2016.05,사업시설관리 및 사업지원서비스업,77.5
2016.05,교육서비스업,-
2016.05,예술스포츠 및 여가관련서비스업,150
2016.05,수리 및 기타개인서비스업,67.8
2016.06,전산업,86
2016.06,식료품,91.3
2016.06,음료,100.2
2016.06,섬유제품 의복제외,69.8
2016.06,의복의복악세서리및모피제품,93.1
2016.06,가죽가방및신발,90.5
2016.06,목재및나무제품 가구제외,36.4
2016.06,펄프종이및종이제품,88.5
2016.06,인쇄및기록매체복제업,100
2016.06,화학물질및화학제품 의약품제외,85.4
2016.06,의료용물질및의약품,95.6
2016.06,고무제품및플라스틱제품,97.7
2016.06,비금속광물제품,89.7
2016.06,1차금속,81.6
2016.06,금속가공제품 기계및가구제외,79.3
2016.06,전자부품컴퓨터영상음향및통신장비,102.4
2016.06,의료정밀광학기기및시계,78.5
2016.06,전기장비,93.5
2016.06,기타기계및장비,84.9
2016.06,자동차및트레일러,86.6
2016.06,기타운송장비,57.4
2016.06,가구,62.1
2016.06,기타제품,83.3
2016.06,비제조업,99.2
2016.06,건설업,78.2
2016.06,도매 및 소매업,70.7
2016.06,운수업,114.3
2016.06,숙박 및 음식점업,100
2016.06,출판영상방송통신 및 정보서비스업,96.7
2016.06,부동산업 및 임대업,57.2
2016.06,전문과학 및 기술서비스업,92.6
2016.06,사업시설관리 및 사업지원서비스업,74.3
2016.06,교육서비스업,-
2016.06,예술스포츠 및 여가관련서비스업,100
2016.06,수리 및 기타개인서비스업,100
2016.07,전산업,86
2016.07,식료품,83.8
2016.07,음료,96.2
2016.07,섬유제품 의복제외,88.9
2016.07,의복의복악세서리및모피제품,75.4
2016.07,가죽가방및신발,81
2016.07,목재및나무제품 가구제외,34
2016.07,펄프종이및종이제품,74.1
2016.07,인쇄및기록매체복제업,74.1
2016.07,화학물질및화학제품 의약품제외,88.1
2016.07,의료용물질및의약품,101.4
2016.07,고무제품및플라스틱제품,99.8
2016.07,비금속광물제품,92.1
2016.07,1차금속,93.7
2016.07,금속가공제품 기계및가구제외,92.6
2016.07,전자부품컴퓨터영상음향및통신장비,99.4
2016.07,의료정밀광학기기및시계,79.4
2016.07,전기장비,84.7
2016.07,기타기계및장비,88.3
2016.07,자동차및트레일러,93.5
2016.07,기타운송장비,70
2016.07,가구,73
2016.07,기타제품,64
2016.07,비제조업,60.5
2016.07,건설업,76.1
2016.07,도매 및 소매업,71.6
2016.07,운수업,77.8
2016.07,숙박 및 음식점업,-
2016.07,출판영상방송통신 및 정보서비스업,101.4
2016.07,부동산업 및 임대업,92.5
2016.07,전문과학 및 기술서비스업,89.8
2016.07,사업시설관리 및 사업지원서비스업,85.6
2016.07,교육서비스업,-
2016.07,예술스포츠 및 여가관련서비스업,150
2016.07,수리 및 기타개인서비스업,68.9
2016.08,전산업,83.1
2016.08,식료품,86.7
2016.08,음료,86.1
2016.08,섬유제품 의복제외,80.4
2016.08,의복의복악세서리및모피제품,90.4
2016.08,가죽가방및신발,96.9
2016.08,목재및나무제품 가구제외,51.5
2016.08,펄프종이및종이제품,72.1
2016.08,인쇄및기록매체복제업,75.1
2016.08,화학물질및화학제품 의약품제외,90.1
2016.08,의료용물질및의약품,95.5
2016.08,고무제품및플라스틱제품,88.7
2016.08,비금속광물제품,85.2
2016.08,1차금속,79.4
2016.08,금속가공제품 기계및가구제외,86.8
2016.08,전자부품컴퓨터영상음향및통신장비,102.6
2016.08,의료정밀광학기기및시계,81.9
2016.08,전기장비,78.3
2016.08,기타기계및장비,78.3
2016.08,자동차및트레일러,88.1
2016.08,기타운송장비,63.1
2016.08,가구,59.9
2016.08,기타제품,68
2016.08,비제조업,92
2016.08,건설업,71.3
2016.08,도매 및 소매업,65.4
2016.08,운수업,96.4
2016.08,숙박 및 음식점업,-
2016.08,출판영상방송통신 및 정보서비스업,97.9
2016.08,부동산업 및 임대업,57.5
2016.08,전문과학 및 기술서비스업,90.8
2016.08,사업시설관리 및 사업지원서비스업,75.1
2016.08,교육서비스업,-
2016.08,예술스포츠 및 여가관련서비스업,-
2016.08,수리 및 기타개인서비스업,67.9
2016.09,전산업,89
2016.09,식료품,93.6
2016.09,음료,87.1
2016.09,섬유제품 의복제외,82.6
2016.09,의복의복악세서리및모피제품,64.7
2016.09,가죽가방및신발,82.5
2016.09,목재및나무제품 가구제외,100
2016.09,펄프종이및종이제품,66.1
2016.09,인쇄및기록매체복제업,57.6
2016.09,화학물질및화학제품 의약품제외,89.1
2016.09,의료용물질및의약품,92
2016.09,고무제품및플라스틱제품,100.7
2016.09,비금속광물제품,84.1
2016.09,1차금속,84
2016.09,금속가공제품 기계및가구제외,84.6
2016.09,전자부품컴퓨터영상음향및통신장비,93.7
2016.09,의료정밀광학기기및시계,86.1
2016.09,전기장비,89.1
2016.09,기타기계및장비,87.8
2016.09,자동차및트레일러,97.5
2016.09,기타운송장비,67.4
2016.09,가구,46.3
2016.09,기타제품,77.3
2016.09,비제조업,94.1
2016.09,건설업,93.3
2016.09,도매 및 소매업,94.7
2016.09,운수업,90.3
2016.09,숙박 및 음식점업,-
2016.09,출판영상방송통신 및 정보서비스업,91.8
2016.09,부동산업 및 임대업,56.9
2016.09,전문과학 및 기술서비스업,91.2
2016.09,사업시설관리 및 사업지원서비스업,83.1
2016.09,교육서비스업,-
2016.09,예술스포츠 및 여가관련서비스업,-
2016.09,수리 및 기타개인서비스업,99.6
2016.1,전산업,89.3
2016.1,식료품,97.2
2016.1,음료,102.7
2016.1,섬유제품 의복제외,85.3
2016.1,의복의복악세서리및모피제품,74.4
2016.1,가죽가방및신발,99.9
2016.1,목재및나무제품 가구제외,72.8
2016.1,펄프종이및종이제품,87.9
2016.1,인쇄및기록매체복제업,73.2
2016.1,화학물질및화학제품 의약품제외,84.7
2016.1,의료용물질및의약품,96.2
2016.1,고무제품및플라스틱제품,109.4
2016.1,비금속광물제품,95.6
2016.1,1차금속,79.8
2016.1,금속가공제품 기계및가구제외,90.3
2016.1,전자부품컴퓨터영상음향및통신장비,92.1
2016.1,의료정밀광학기기및시계,90
2016.1,전기장비,84.7
2016.1,기타기계및장비,89.6
2016.1,자동차및트레일러,87.3
2016.1,기타운송장비,57.6
2016.1,가구,63.6
2016.1,기타제품,68.4
2016.1,비제조업,86.9
2016.1,건설업,92.3
2016.1,도매 및 소매업,93.5
2016.1,운수업,58.2
2016.1,숙박 및 음식점업,-
2016.1,출판영상방송통신 및 정보서비스업,84.3
2016.1,부동산업 및 임대업,50
2016.1,전문과학 및 기술서비스업,97.8
2016.1,사업시설관리 및 사업지원서비스업,106.3
2016.1,교육서비스업,-
2016.1,예술스포츠 및 여가관련서비스업,100
2016.1,수리 및 기타개인서비스업,100
2016.11,전산업,82.9
2016.11,식료품,86.5
2016.11,음료,84
2016.11,섬유제품 의복제외,85.9
2016.11,의복의복악세서리및모피제품,70.3
2016.11,가죽가방및신발,88.6
2016.11,목재및나무제품 가구제외,77.8
2016.11,펄프종이및종이제품,75.7
2016.11,인쇄및기록매체복제업,47.2
2016.11,화학물질및화학제품 의약품제외,83.8
2016.11,의료용물질및의약품,96.1
2016.11,고무제품및플라스틱제품,103.4
2016.11,비금속광물제품,90.5
2016.11,1차금속,79.1
2016.11,금속가공제품 기계및가구제외,96.6
2016.11,전자부품컴퓨터영상음향및통신장비,85.2
2016.11,의료정밀광학기기및시계,84.9
2016.11,전기장비,89.6
2016.11,기타기계및장비,81.1
2016.11,자동차및트레일러,82.2
2016.11,기타운송장비,77
2016.11,가구,66.4
2016.11,기타제품,75.7
2016.11,비제조업,100
2016.11,건설업,66.4
2016.11,도매 및 소매업,61.9
2016.11,운수업,91.6
2016.11,숙박 및 음식점업,-
2016.11,출판영상방송통신 및 정보서비스업,84.5
2016.11,부동산업 및 임대업,50
2016.11,전문과학 및 기술서비스업,83.4
2016.11,사업시설관리 및 사업지원서비스업,87.3
2016.11,교육서비스업,-
2016.11,예술스포츠 및 여가관련서비스업,89.8
2016.11,수리 및 기타개인서비스업,100
2016.12,전산업,82.6
2016.12,식료품,92.8
2016.12,음료,96.1
2016.12,섬유제품 의복제외,59.5
2016.12,의복의복악세서리및모피제품,65.6
2016.12,가죽가방및신발,61.7
2016.12,목재및나무제품 가구제외,125
2016.12,펄프종이및종이제품,92.5
2016.12,인쇄및기록매체복제업,84.1
2016.12,화학물질및화학제품 의약품제외,83.3
2016.12,의료용물질및의약품,105.5
2016.12,고무제품및플라스틱제품,97.6
2016.12,비금속광물제품,94.7
2016.12,1차금속,84
2016.12,금속가공제품 기계및가구제외,94.1
2016.12,전자부품컴퓨터영상음향및통신장비,93.8
2016.12,의료정밀광학기기및시계,89.4
2016.12,전기장비,89.2
2016.12,기타기계및장비,80.3
2016.12,자동차및트레일러,83.7
2016.12,기타운송장비,90.5
2016.12,가구,74.6
2016.12,기타제품,75.2
2016.12,비제조업,98
2016.12,건설업,66.6
2016.12,도매 및 소매업,64.3
2016.12,운수업,86.9
2016.12,숙박 및 음식점업,-
2016.12,출판영상방송통신 및 정보서비스업,85.3
2016.12,부동산업 및 임대업,57.6
2016.12,전문과학 및 기술서비스업,65.4
2016.12,사업시설관리 및 사업지원서비스업,67.6
2016.12,교육서비스업,-
2016.12,예술스포츠 및 여가관련서비스업,50
2016.12,수리 및 기타개인서비스업,88.5
2017.01,전산업,82.2
2017.01,식료품,74.7
2017.01,음료,86.5
2017.01,섬유제품 의복제외,69.7
2017.01,의복의복악세서리및모피제품,80.4
2017.01,가죽가방및신발,87.7
2017.01,목재및나무제품 가구제외,75
2017.01,펄프종이및종이제품,103.3
2017.01,인쇄및기록매체복제업,59
2017.01,화학물질및화학제품 의약품제외,80.1
2017.01,의료용물질및의약품,93.7
2017.01,고무제품및플라스틱제품,82.4
2017.01,비금속광물제품,105.3
2017.01,1차금속,94.2
2017.01,금속가공제품 기계및가구제외,86.1
2017.01,전자부품컴퓨터영상음향및통신장비,91.4
2017.01,의료정밀광학기기및시계,81.2
2017.01,전기장비,82.9
2017.01,기타기계및장비,67.1
2017.01,자동차및트레일러,85.9
2017.01,기타운송장비,74.1
2017.01,가구,53.6
2017.01,기타제품,65.6
2017.01,비제조업,101.4
2017.01,건설업,83.5
2017.01,도매 및 소매업,83.5
2017.01,운수업,77.5
2017.01,숙박 및 음식점업,-
2017.01,출판영상방송통신 및 정보서비스업,99.2
2017.01,부동산업 및 임대업,57.9
2017.01,전문과학 및 기술서비스업,68.7
2017.01,사업시설관리 및 사업지원서비스업,80.9
2017.01,교육서비스업,-
2017.01,예술스포츠 및 여가관련서비스업,150
2017.01,수리 및 기타개인서비스업,86.4
2017.02,전산업,85
2017.02,식료품,84.8
2017.02,음료,101.7
2017.02,섬유제품 의복제외,68.3
2017.02,의복의복악세서리및모피제품,77.2
2017.02,가죽가방및신발,92.1
2017.02,목재및나무제품 가구제외,90.3
2017.02,펄프종이및종이제품,90.7
2017.02,인쇄및기록매체복제업,59.3
2017.02,화학물질및화학제품 의약품제외,84.3
2017.02,의료용물질및의약품,89.4
2017.02,고무제품및플라스틱제품,96.2
2017.02,비금속광물제품,90.2
2017.02,1차금속,99.4
2017.02,금속가공제품 기계및가구제외,98.7
2017.02,전자부품컴퓨터영상음향및통신장비,89.7
2017.02,의료정밀광학기기및시계,102.4
2017.02,전기장비,73.5
2017.02,기타기계및장비,71.5
2017.02,자동차및트레일러,87.1
2017.02,기타운송장비,69.1
2017.02,가구,53.5
2017.02,기타제품,97.7
2017.02,비제조업,85
2017.02,건설업,82.8
2017.02,도매 및 소매업,84.6
2017.02,운수업,70.9
2017.02,숙박 및 음식점업,-
2017.02,출판영상방송통신 및 정보서비스업,79.7
2017.02,부동산업 및 임대업,57
2017.02,전문과학 및 기술서비스업,68.8
2017.02,사업시설관리 및 사업지원서비스업,58.8
2017.02,교육서비스업,-
2017.02,예술스포츠 및 여가관련서비스업,100
2017.02,수리 및 기타개인서비스업,75
2017.03,전산업,93.3
2017.03,식료품,95.4
2017.03,음료,100
2017.03,섬유제품 의복제외,67.8
2017.03,의복의복악세서리및모피제품,81.4
2017.03,가죽가방및신발,84.6
2017.03,목재및나무제품 가구제외,59.6
2017.03,펄프종이및종이제품,105.7
2017.03,인쇄및기록매체복제업,82.4
2017.03,화학물질및화학제품 의약품제외,86.7
2017.03,의료용물질및의약품,114.3
2017.03,고무제품및플라스틱제품,103.7
2017.03,비금속광물제품,93.2
2017.03,1차금속,90.1
2017.03,금속가공제품 기계및가구제외,97.2
2017.03,전자부품컴퓨터영상음향및통신장비,103.5
2017.03,의료정밀광학기기및시계,104.2
2017.03,전기장비,94.5
2017.03,기타기계및장비,84.3
2017.03,자동차및트레일러,95.4
2017.03,기타운송장비,77.4
2017.03,가구,74.3
2017.03,기타제품,86.2
2017.03,비제조업,107.2
2017.03,건설업,93.6
2017.03,도매 및 소매업,95.7
2017.03,운수업,79.4
2017.03,숙박 및 음식점업,-
2017.03,출판영상방송통신 및 정보서비스업,89
2017.03,부동산업 및 임대업,65.1
2017.03,전문과학 및 기술서비스업,59.3
2017.03,사업시설관리 및 사업지원서비스업,97
2017.03,교육서비스업,-
2017.03,예술스포츠 및 여가관련서비스업,100
2017.03,수리 및 기타개인서비스업,94.5
2017.04,전산업,89.9
2017.04,식료품,76.7
2017.04,음료,89
2017.04,섬유제품 의복제외,66.4
2017.04,의복의복악세서리및모피제품,95
2017.04,가죽가방및신발,81.6
2017.04,목재및나무제품 가구제외,74.1
2017.04,펄프종이및종이제품,103.9
2017.04,인쇄및기록매체복제업,65.3
2017.04,화학물질및화학제품 의약품제외,87.8
2017.04,의료용물질및의약품,94.9
2017.04,고무제품및플라스틱제품,118.7
2017.04,비금속광물제품,88.7
2017.04,1차금속,91.8
2017.04,금속가공제품 기계및가구제외,89.7
2017.04,전자부품컴퓨터영상음향및통신장비,92.4
2017.04,의료정밀광학기기및시계,96.2
2017.04,전기장비,82.6
2017.04,기타기계및장비,80.9
2017.04,자동차및트레일러,101.5
2017.04,기타운송장비,80.3
2017.04,가구,66.1
2017.04,기타제품,84.8
2017.04,비제조업,80.6
2017.04,건설업,92.5
2017.04,도매 및 소매업,92.4
2017.04,운수업,100.2
2017.04,숙박 및 음식점업,-
2017.04,출판영상방송통신 및 정보서비스업,98.1
2017.04,부동산업 및 임대업,57.9
2017.04,전문과학 및 기술서비스업,86
2017.04,사업시설관리 및 사업지원서비스업,86.3
2017.04,교육서비스업,-
2017.04,예술스포츠 및 여가관련서비스업,100
2017.04,수리 및 기타개인서비스업,91.6
2017.05,전산업,85.4
2017.05,식료품,84.3
2017.05,음료,102.9
2017.05,섬유제품 의복제외,72.4
2017.05,의복의복악세서리및모피제품,77.8
2017.05,가죽가방및신발,90.5
2017.05,목재및나무제품 가구제외,60
2017.05,펄프종이및종이제품,98.7
2017.05,인쇄및기록매체복제업,100
2017.05,화학물질및화학제품 의약품제외,88.2
2017.05,의료용물질및의약품,115.8
2017.05,고무제품및플라스틱제품,96.7
2017.05,비금속광물제품,88.5
2017.05,1차금속,94
2017.05,금속가공제품 기계및가구제외,89.9
2017.05,전자부품컴퓨터영상음향및통신장비,96.2
2017.05,의료정밀광학기기및시계,93.1
2017.05,전기장비,82.5
2017.05,기타기계및장비,77.1
2017.05,자동차및트레일러,95.8
2017.05,기타운송장비,73.5
2017.05,가구,58.9
2017.05,기타제품,89.1
2017.05,비제조업,75.4
2017.05,건설업,75.9
2017.05,도매 및 소매업,72.8
2017.05,운수업,84.7
2017.05,숙박 및 음식점업,-
2017.05,출판영상방송통신 및 정보서비스업,110.5
2017.05,부동산업 및 임대업,57.6
2017.05,전문과학 및 기술서비스업,72
2017.05,사업시설관리 및 사업지원서비스업,74.4
2017.05,교육서비스업,-
2017.05,예술스포츠 및 여가관련서비스업,100
2017.05,수리 및 기타개인서비스업,102.4
2017.06,전산업,88.3
2017.06,식료품,87.5
2017.06,음료,92
2017.06,섬유제품 의복제외,72.7
2017.06,의복의복악세서리및모피제품,84.1
2017.06,가죽가방및신발,94.1
2017.06,목재및나무제품 가구제외,91.5
2017.06,펄프종이및종이제품,85.6
2017.06,인쇄및기록매체복제업,84
2017.06,화학물질및화학제품 의약품제외,93.3
2017.06,의료용물질및의약품,99.2
2017.06,고무제품및플라스틱제품,96.9
2017.06,비금속광물제품,107.8
2017.06,1차금속,95.4
2017.06,금속가공제품 기계및가구제외,89.1
2017.06,전자부품컴퓨터영상음향및통신장비,92.3
2017.06,의료정밀광학기기및시계,91.9
2017.06,전기장비,91.1
2017.06,기타기계및장비,77.7
2017.06,자동차및트레일러,104
2017.06,기타운송장비,76.6
2017.06,가구,69.2
2017.06,기타제품,97.4
2017.06,비제조업,75.7
2017.06,건설업,84.8
2017.06,도매 및 소매업,85.4
2017.06,운수업,74.1
2017.06,숙박 및 음식점업,-
2017.06,출판영상방송통신 및 정보서비스업,104.3
2017.06,부동산업 및 임대업,56.8
2017.06,전문과학 및 기술서비스업,63
2017.06,사업시설관리 및 사업지원서비스업,78.4
2017.06,교육서비스업,-
2017.06,예술스포츠 및 여가관련서비스업,100
2017.06,수리 및 기타개인서비스업,71.6
2017.07,전산업,90.9
2017.07,식료품,83.2
2017.07,음료,96.1
2017.07,섬유제품 의복제외,74.4
2017.07,의복의복악세서리및모피제품,74.5
2017.07,가죽가방및신발,72.6
2017.07,목재및나무제품 가구제외,65.7
2017.07,펄프종이및종이제품,80.6
2017.07,인쇄및기록매체복제업,100
2017.07,화학물질및화학제품 의약품제외,91.8
2017.07,의료용물질및의약품,103.2
2017.07,고무제품및플라스틱제품,99.5
2017.07,비금속광물제품,92.2
2017.07,1차금속,95.7
2017.07,금속가공제품 기계및가구제외,93.2
2017.07,전자부품컴퓨터영상음향및통신장비,103.9
2017.07,의료정밀광학기기및시계,81.8
2017.07,전기장비,88.6
2017.07,기타기계및장비,71.5
2017.07,자동차및트레일러,93.5
2017.07,기타운송장비,88.1
2017.07,가구,54.2
2017.07,기타제품,93
2017.07,비제조업,82.3
2017.07,건설업,104.2
2017.07,도매 및 소매업,106
2017.07,운수업,91.7
2017.07,숙박 및 음식점업,-
2017.07,출판영상방송통신 및 정보서비스업,111.9
2017.07,부동산업 및 임대업,64.3
2017.07,전문과학 및 기술서비스업,105.4
2017.07,사업시설관리 및 사업지원서비스업,44.9
2017.07,교육서비스업,-
2017.07,예술스포츠 및 여가관련서비스업,50
2017.07,수리 및 기타개인서비스업,111.7
2017.08,전산업,83.7
2017.08,식료품,107
2017.08,음료,88.1
2017.08,섬유제품 의복제외,73.3
2017.08,의복의복악세서리및모피제품,76
2017.08,가죽가방및신발,88.3
2017.08,목재및나무제품 가구제외,83.5
2017.08,펄프종이및종이제품,83.7
2017.08,인쇄및기록매체복제업,94.6
2017.08,화학물질및화학제품 의약품제외,87.6
2017.08,의료용물질및의약품,100
2017.08,고무제품및플라스틱제품,99.9
2017.08,비금속광물제품,95.8
2017.08,1차금속,82
2017.08,금속가공제품 기계및가구제외,83.6
2017.08,전자부품컴퓨터영상음향및통신장비,98
2017.08,의료정밀광학기기및시계,83.6
2017.08,전기장비,70
2017.08,기타기계및장비,79.4
2017.08,자동차및트레일러,78.1
2017.08,기타운송장비,62
2017.08,가구,68.7
2017.08,기타제품,87.7
2017.08,비제조업,101.4
2017.08,건설업,75.5
2017.08,도매 및 소매업,74.7
2017.08,운수업,83.1
2017.08,숙박 및 음식점업,-
2017.08,출판영상방송통신 및 정보서비스업,99
2017.08,부동산업 및 임대업,50
2017.08,전문과학 및 기술서비스업,66
2017.08,사업시설관리 및 사업지원서비스업,0
2017.08,교육서비스업,-
2017.08,예술스포츠 및 여가관련서비스업,-
2017.08,수리 및 기타개인서비스업,81.3
2017.09,전산업,91.9
2017.09,식료품,101.6
2017.09,음료,90.5
2017.09,섬유제품 의복제외,80.8
2017.09,의복의복악세서리및모피제품,76.2
2017.09,가죽가방및신발,93.8
2017.09,목재및나무제품 가구제외,90.2
2017.09,펄프종이및종이제품,101.1
2017.09,인쇄및기록매체복제업,91
2017.09,화학물질및화학제품 의약품제외,89.7
2017.09,의료용물질및의약품,95.6
2017.09,고무제품및플라스틱제품,100.9
2017.09,비금속광물제품,103.7
2017.09,1차금속,89.3
2017.09,금속가공제품 기계및가구제외,79.9
2017.09,전자부품컴퓨터영상음향및통신장비,102.1
2017.09,의료정밀광학기기및시계,102.7
2017.09,전기장비,93.3
2017.09,기타기계및장비,85.6
2017.09,자동차및트레일러,94.6
2017.09,기타운송장비,76.9
2017.09,가구,71.8
2017.09,기타제품,89.5
2017.09,비제조업,91.1
2017.09,건설업,95
2017.09,도매 및 소매업,97.5
2017.09,운수업,74.4
2017.09,숙박 및 음식점업,-
2017.09,출판영상방송통신 및 정보서비스업,77.1
2017.09,부동산업 및 임대업,50
2017.09,전문과학 및 기술서비스업,80.3
2017.09,사업시설관리 및 사업지원서비스업,75
2017.09,교육서비스업,-
2017.09,예술스포츠 및 여가관련서비스업,-
2017.09,수리 및 기타개인서비스업,100
2017.1,전산업,89
2017.1,식료품,97.1
2017.1,음료,93.7
2017.1,섬유제품 의복제외,87.2
2017.1,의복의복악세서리및모피제품,72.1
2017.1,가죽가방및신발,89.1
2017.1,목재및나무제품 가구제외,50
2017.1,펄프종이및종이제품,101.2
2017.1,인쇄및기록매체복제업,67.4
2017.1,화학물질및화학제품 의약품제외,83.1
2017.1,의료용물질및의약품,108.8
2017.1,고무제품및플라스틱제품,89.9
2017.1,비금속광물제품,95.8
2017.1,1차금속,93.4
2017.1,금속가공제품 기계및가구제외,83.4
2017.1,전자부품컴퓨터영상음향및통신장비,91.5
2017.1,의료정밀광학기기및시계,88
2017.1,전기장비,88.7
2017.1,기타기계및장비,78.6
2017.1,자동차및트레일러,84.9
2017.1,기타운송장비,71
2017.1,가구,55.5
2017.1,기타제품,79.7
2017.1,비제조업,74.9
2017.1,건설업,104.5
2017.1,도매 및 소매업,106.9
2017.1,운수업,82.9
2017.1,숙박 및 음식점업,-
2017.1,출판영상방송통신 및 정보서비스업,108.3
2017.1,부동산업 및 임대업,100
2017.1,전문과학 및 기술서비스업,96.9
2017.1,사업시설관리 및 사업지원서비스업,50
2017.1,교육서비스업,-
2017.1,예술스포츠 및 여가관련서비스업,-
2017.1,수리 및 기타개인서비스업,81.2
2017.11,전산업,89
2017.11,식료품,101
2017.11,음료,87
2017.11,섬유제품 의복제외,93.8
2017.11,의복의복악세서리및모피제품,95.8
2017.11,가죽가방및신발,85.8
2017.11,목재및나무제품 가구제외,100
2017.11,펄프종이및종이제품,95.2
2017.11,인쇄및기록매체복제업,79.1
2017.11,화학물질및화학제품 의약품제외,91.4
2017.11,의료용물질및의약품,96.5
2017.11,고무제품및플라스틱제품,96.5
2017.11,비금속광물제품,87.2
2017.11,1차금속,92.7
2017.11,금속가공제품 기계및가구제외,80.3
2017.11,전자부품컴퓨터영상음향및통신장비,95.3
2017.11,의료정밀광학기기및시계,95.9
2017.11,전기장비,79.4
2017.11,기타기계및장비,77.6
2017.11,자동차및트레일러,78.1
2017.11,기타운송장비,68.7
2017.11,가구,82.3
2017.11,기타제품,84.2
2017.11,비제조업,100
2017.11,건설업,97.8
2017.11,도매 및 소매업,99.5
2017.11,운수업,74.2
2017.11,숙박 및 음식점업,-
2017.11,출판영상방송통신 및 정보서비스업,111.4
2017.11,부동산업 및 임대업,50
2017.11,전문과학 및 기술서비스업,84.3
2017.11,사업시설관리 및 사업지원서비스업,50
2017.11,교육서비스업,-
2017.11,예술스포츠 및 여가관련서비스업,-
2017.11,수리 및 기타개인서비스업,81
2017.12,전산업,87.3
2017.12,식료품,89.5
2017.12,음료,97.7
2017.12,섬유제품 의복제외,82.1
2017.12,의복의복악세서리및모피제품,94.3
2017.12,가죽가방및신발,85.6
2017.12,목재및나무제품 가구제외,41.5
2017.12,펄프종이및종이제품,82.5
2017.12,인쇄및기록매체복제업,70.9
2017.12,화학물질및화학제품 의약품제외,95.4
2017.12,의료용물질및의약품,95.7
2017.12,고무제품및플라스틱제품,90.6
2017.12,비금속광물제품,95.6
2017.12,1차금속,96.2
2017.12,금속가공제품 기계및가구제외,89.4
2017.12,전자부품컴퓨터영상음향및통신장비,90.6
2017.12,의료정밀광학기기및시계,97.5
2017.12,전기장비,72.6
2017.12,기타기계및장비,81.8
2017.12,자동차및트레일러,87
2017.12,기타운송장비,61.8
2017.12,가구,99.2
2017.12,기타제품,77.3
2017.12,비제조업,112.6
2017.12,건설업,84.5
2017.12,도매 및 소매업,85.1
2017.12,운수업,66.4
2017.12,숙박 및 음식점업,-
2017.12,출판영상방송통신 및 정보서비스업,98.9
2017.12,부동산업 및 임대업,50
2017.12,전문과학 및 기술서비스업,79.1
2017.12,사업시설관리 및 사업지원서비스업,100
2017.12,교육서비스업,-
2017.12,예술스포츠 및 여가관련서비스업,-
2017.12,수리 및 기타개인서비스업,77.2
2018.01,전산업,86.4
2018.01,식료품,106.3
2018.01,음료,93.5
2018.01,섬유제품 의복제외,67.8
2018.01,의복의복악세서리및모피제품,78
2018.01,가죽가방및신발,72.1
2018.01,목재및나무제품 가구제외,41.5
2018.01,펄프종이및종이제품,82.2
2018.01,인쇄및기록매체복제업,97.6
2018.01,화학물질및화학제품 의약품제외,99.1
2018.01,의료용물질및의약품,100
2018.01,고무제품및플라스틱제품,77.4
2018.01,비금속광물제품,110.2
2018.01,1차금속,98
2018.01,금속가공제품 기계및가구제외,63.2
2018.01,전자부품컴퓨터영상음향및통신장비,94.3
2018.01,의료정밀광학기기및시계,87
2018.01,전기장비,86.6
2018.01,기타기계및장비,76.2
2018.01,자동차및트레일러,91.4
2018.01,기타운송장비,65.5
2018.01,가구,85.9
2018.01,기타제품,79.4
2018.01,비제조업,100
2018.01,건설업,98.2
2018.01,도매 및 소매업,101.7
2018.01,운수업,71.4
2018.01,숙박 및 음식점업,-
2018.01,출판영상방송통신 및 정보서비스업,79.9
2018.01,부동산업 및 임대업,50
2018.01,전문과학 및 기술서비스업,76
2018.01,사업시설관리 및 사업지원서비스업,125
2018.01,교육서비스업,-
2018.01,예술스포츠 및 여가관련서비스업,-
2018.01,수리 및 기타개인서비스업,66.7
2018.02,전산업,80.9
2018.02,식료품,101.5
2018.02,음료,81.9
2018.02,섬유제품 의복제외,67.4
2018.02,의복의복악세서리및모피제품,62.9
2018.02,가죽가방및신발,72.8
2018.02,목재및나무제품 가구제외,42.6
2018.02,펄프종이및종이제품,82.2
2018.02,인쇄및기록매체복제업,81.4
2018.02,화학물질및화학제품 의약품제외,88.4
2018.02,의료용물질및의약품,95.6
2018.02,고무제품및플라스틱제품,82.4
2018.02,비금속광물제품,88.1
2018.02,1차금속,86.9
2018.02,금속가공제품 기계및가구제외,67
2018.02,전자부품컴퓨터영상음향및통신장비,92.7
2018.02,의료정밀광학기기및시계,88.9
2018.02,전기장비,75
2018.02,기타기계및장비,75.7
2018.02,자동차및트레일러,86.1
2018.02,기타운송장비,54.8
2018.02,가구,73.6
2018.02,기타제품,88
2018.02,비제조업,100
2018.02,건설업,77.2
2018.02,도매 및 소매업,77.6
2018.02,운수업,69.5
2018.02,숙박 및 음식점업,-
2018.02,출판영상방송통신 및 정보서비스업,111.1
2018.02,부동산업 및 임대업,50
2018.02,전문과학 및 기술서비스업,65
2018.02,사업시설관리 및 사업지원서비스업,50
2018.02,교육서비스업,-
2018.02,예술스포츠 및 여가관련서비스업,-
2018.02,수리 및 기타개인서비스업,63.5
2018.03,전산업,89
2018.03,식료품,102.4
2018.03,음료,97.8
2018.03,섬유제품 의복제외,87.7
2018.03,의복의복악세서리및모피제품,71.9
2018.03,가죽가방및신발,81.5
2018.03,목재및나무제품 가구제외,41.4
2018.03,펄프종이및종이제품,94
2018.03,인쇄및기록매체복제업,100
2018.03,화학물질및화학제품 의약품제외,86.3
2018.03,의료용물질및의약품,103.1
2018.03,고무제품및플라스틱제품,96.4
2018.03,비금속광물제품,101.2
2018.03,1차금속,93.1
2018.03,금속가공제품 기계및가구제외,95.2
2018.03,전자부품컴퓨터영상음향및통신장비,93.4
2018.03,의료정밀광학기기및시계,92.8
2018.03,전기장비,82.8
2018.03,기타기계및장비,78.1
2018.03,자동차및트레일러,87.7
2018.03,기타운송장비,80.2
2018.03,가구,77.3
2018.03,기타제품,96
2018.03,비제조업,100
2018.03,건설업,88
2018.03,도매 및 소매업,88
2018.03,운수업,111.8
2018.03,숙박 및 음식점업,-
2018.03,출판영상방송통신 및 정보서비스업,92.1
2018.03,부동산업 및 임대업,50
2018.03,전문과학 및 기술서비스업,83.7
2018.03,사업시설관리 및 사업지원서비스업,25
2018.03,교육서비스업,-
2018.03,예술스포츠 및 여가관련서비스업,-
2018.03,수리 및 기타개인서비스업,73
2018.04,전산업,92.9
2018.04,식료품,85.7
2018.04,음료,106.1
2018.04,섬유제품 의복제외,82.3
2018.04,의복의복악세서리및모피제품,92.8
2018.04,가죽가방및신발,96.8
2018.04,목재및나무제품 가구제외,50
2018.04,펄프종이및종이제품,95.2
2018.04,인쇄및기록매체복제업,100
2018.04,화학물질및화학제품 의약품제외,93.4
2018.04,의료용물질및의약품,106.9
2018.04,고무제품및플라스틱제품,83.9
2018.04,비금속광물제품,97.5
2018.04,1차금속,106.3
2018.04,금속가공제품 기계및가구제외,85
2018.04,전자부품컴퓨터영상음향및통신장비,100
2018.04,의료정밀광학기기및시계,98.8
2018.04,전기장비,81.2
2018.04,기타기계및장비,75.7
2018.04,자동차및트레일러,88.9
2018.04,기타운송장비,67.7
2018.04,가구,60.6
2018.04,기타제품,96
2018.04,비제조업,112.6
2018.04,건설업,120.3
2018.04,도매 및 소매업,128
2018.04,운수업,89.8
2018.04,숙박 및 음식점업,-
2018.04,출판영상방송통신 및 정보서비스업,79.8
2018.04,부동산업 및 임대업,100
2018.04,전문과학 및 기술서비스업,81.6
2018.04,사업시설관리 및 사업지원서비스업,25
2018.04,교육서비스업,-
2018.04,예술스포츠 및 여가관련서비스업,-
2018.04,수리 및 기타개인서비스업,86.7
2018.05,전산업,88.7
2018.05,식료품,80.3
2018.05,음료,104.7
2018.05,섬유제품 의복제외,84.9
2018.05,의복의복악세서리및모피제품,78.7
2018.05,가죽가방및신발,105.7
2018.05,목재및나무제품 가구제외,66.7
2018.05,펄프종이및종이제품,103.6
2018.05,인쇄및기록매체복제업,81
2018.05,화학물질및화학제품 의약품제외,93
2018.05,의료용물질및의약품,92.7
2018.05,고무제품및플라스틱제품,80.2
2018.05,비금속광물제품,104.9
2018.05,1차금속,99.1
2018.05,금속가공제품 기계및가구제외,89
2018.05,전자부품컴퓨터영상음향및통신장비,101.2
2018.05,의료정밀광학기기및시계,92.5
2018.05,전기장비,73.7
2018.05,기타기계및장비,85.5
2018.05,자동차및트레일러,83.1
2018.05,기타운송장비,57.5
2018.05,가구,63.1
2018.05,기타제품,95.7
2018.05,비제조업,100
2018.05,건설업,94.1
2018.05,도매 및 소매업,97
2018.05,운수업,89.8
2018.05,숙박 및 음식점업,-
2018.05,출판영상방송통신 및 정보서비스업,73.6
2018.05,부동산업 및 임대업,65.2
2018.05,전문과학 및 기술서비스업,84.3
2018.05,사업시설관리 및 사업지원서비스업,50
2018.05,교육서비스업,-
2018.05,예술스포츠 및 여가관련서비스업,-
2018.05,수리 및 기타개인서비스업,77
2018.06,전산업,89
2018.06,식료품,89.9
2018.06,음료,83.3
2018.06,섬유제품 의복제외,85.3
2018.06,의복의복악세서리및모피제품,74
2018.06,가죽가방및신발,106
2018.06,목재및나무제품 가구제외,50
2018.06,펄프종이및종이제품,100
2018.06,인쇄및기록매체복제업,100
2018.06,화학물질및화학제품 의약품제외,86.4
2018.06,의료용물질및의약품,92.1
2018.06,고무제품및플라스틱제품,86.6
2018.06,비금속광물제품,104.9
2018.06,1차금속,87.6
2018.06,금속가공제품 기계및가구제외,84
2018.06,전자부품컴퓨터영상음향및통신장비,97.6
2018.06,의료정밀광학기기및시계,99.6
2018.06,전기장비,73.9
2018.06,기타기계및장비,79.8
2018.06,자동차및트레일러,92.4
2018.06,기타운송장비,87.1
2018.06,가구,61.5
2018.06,기타제품,95.7
2018.06,비제조업,100
2018.06,건설업,99.4
2018.06,도매 및 소매업,102.6
2018.06,운수업,82.3
2018.06,숙박 및 음식점업,-
2018.06,출판영상방송통신 및 정보서비스업,98.2
2018.06,부동산업 및 임대업,150
2018.06,전문과학 및 기술서비스업,78.1
2018.06,사업시설관리 및 사업지원서비스업,50
2018.06,교육서비스업,-
2018.06,예술스포츠 및 여가관련서비스업,-
2018.06,수리 및 기타개인서비스업,71.2
2018.07,전산업,91.2
2018.07,식료품,78
2018.07,음료,86.2
2018.07,섬유제품 의복제외,86
2018.07,의복의복악세서리및모피제품,78.1
2018.07,가죽가방및신발,77.9
2018.07,목재및나무제품 가구제외,33.3
2018.07,펄프종이및종이제품,85.6
2018.07,인쇄및기록매체복제업,80.7
2018.07,화학물질및화학제품 의약품제외,82.4
2018.07,의료용물질및의약품,78.9
2018.07,고무제품및플라스틱제품,87
2018.07,비금속광물제품,89.1
2018.07,1차금속,83
2018.07,금속가공제품 기계및가구제외,90.7
2018.07,전자부품컴퓨터영상음향및통신장비,97.3
2018.07,의료정밀광학기기및시계,93.3
2018.07,전기장비,84.1
2018.07,기타기계및장비,79.3
2018.07,자동차및트레일러,89.3
2018.07,기타운송장비,70.4
2018.07,가구,81.6
2018.07,기타제품,94.9
2018.07,비제조업,96.8
2018.07,건설업,122.6
2018.07,도매 및 소매업,130.9
2018.07,운수업,66.8
2018.07,숙박 및 음식점업,-
2018.07,출판영상방송통신 및 정보서비스업,83
2018.07,부동산업 및 임대업,150
2018.07,전문과학 및 기술서비스업,90.4
2018.07,사업시설관리 및 사업지원서비스업,100
2018.07,교육서비스업,-
2018.07,예술스포츠 및 여가관련서비스업,-
2018.07,수리 및 기타개인서비스업,71.1
2018.08,전산업,87.3
2018.08,식료품,92.9
2018.08,음료,102.5
2018.08,섬유제품 의복제외,54.8
2018.08,의복의복악세서리및모피제품,73.2
2018.08,가죽가방및신발,82.3
2018.08,목재및나무제품 가구제외,25
2018.08,펄프종이및종이제품,98.6
2018.08,인쇄및기록매체복제업,63.9
2018.08,화학물질및화학제품 의약품제외,86.3
2018.08,의료용물질및의약품,92
2018.08,고무제품및플라스틱제품,89.2
2018.08,비금속광물제품,100
2018.08,1차금속,85.7
2018.08,금속가공제품 기계및가구제외,93
2018.08,전자부품컴퓨터영상음향및통신장비,98
2018.08,의료정밀광학기기및시계,95.4
2018.08,전기장비,62.7
2018.08,기타기계및장비,88.4
2018.08,자동차및트레일러,82.3
2018.08,기타운송장비,74
2018.08,가구,85.3
2018.08,기타제품,84.4
2018.08,비제조업,109.4
2018.08,건설업,91.6
2018.08,도매 및 소매업,93.6
2018.08,운수업,69.7
2018.08,숙박 및 음식점업,-
2018.08,출판영상방송통신 및 정보서비스업,86.4
2018.08,부동산업 및 임대업,100
2018.08,전문과학 및 기술서비스업,80.8
2018.08,사업시설관리 및 사업지원서비스업,125
2018.08,교육서비스업,-
2018.08,예술스포츠 및 여가관련서비스업,-
2018.08,수리 및 기타개인서비스업,78.8
2018.09,전산업,89.3
2018.09,식료품,96.7
2018.09,음료,102.1
2018.09,섬유제품 의복제외,63.8
2018.09,의복의복악세서리및모피제품,71.8
2018.09,가죽가방및신발,64.6
2018.09,목재및나무제품 가구제외,61.2
2018.09,펄프종이및종이제품,91.1
2018.09,인쇄및기록매체복제업,78.8
2018.09,화학물질및화학제품 의약품제외,90.5
2018.09,의료용물질및의약품,109.2
2018.09,고무제품및플라스틱제품,87
2018.09,비금속광물제품,96.8
2018.09,1차금속,93.8
2018.09,금속가공제품 기계및가구제외,88.1
2018.09,전자부품컴퓨터영상음향및통신장비,99.4
2018.09,의료정밀광학기기및시계,87
2018.09,전기장비,69.2
2018.09,기타기계및장비,86.5
2018.09,자동차및트레일러,89.4
2018.09,기타운송장비,66.7
2018.09,가구,78.4
2018.09,기타제품,84.4
2018.09,비제조업,103.2
2018.09,건설업,101.6
2018.09,도매 및 소매업,105.1
2018.09,운수업,82.8
2018.09,숙박 및 음식점업,-
2018.09,출판영상방송통신 및 정보서비스업,91.4
2018.09,부동산업 및 임대업,50
2018.09,전문과학 및 기술서비스업,86.7
2018.09,사업시설관리 및 사업지원서비스업,150
2018.09,교육서비스업,-
2018.09,예술스포츠 및 여가관련서비스업,-
2018.09,수리 및 기타개인서비스업,50
2018.1,전산업,83.6
2018.1,식료품,91
2018.1,음료,100
2018.1,섬유제품 의복제외,73.3
2018.1,의복의복악세서리및모피제품,60.2
2018.1,가죽가방및신발,83.2
2018.1,목재및나무제품 가구제외,17.9
2018.1,펄프종이및종이제품,82.7
2018.1,인쇄및기록매체복제업,63.4
2018.1,화학물질및화학제품 의약품제외,86
2018.1,의료용물질및의약품,107.1
2018.1,고무제품및플라스틱제품,96
2018.1,비금속광물제품,87.8
2018.1,1차금속,94
2018.1,금속가공제품 기계및가구제외,87.9
2018.1,전자부품컴퓨터영상음향및통신장비,79.2
2018.1,의료정밀광학기기및시계,86.5
2018.1,전기장비,81.8
2018.1,기타기계및장비,76.1
2018.1,자동차및트레일러,84.9
2018.1,기타운송장비,92.3
2018.1,가구,73.4
2018.1,기타제품,91.2
2018.1,비제조업,112.7
2018.1,건설업,73.6
2018.1,도매 및 소매업,70.3
2018.1,운수업,91
2018.1,숙박 및 음식점업,-
2018.1,출판영상방송통신 및 정보서비스업,88.6
2018.1,부동산업 및 임대업,50
2018.1,전문과학 및 기술서비스업,83.3
2018.1,사업시설관리 및 사업지원서비스업,150
2018.1,교육서비스업,-
2018.1,예술스포츠 및 여가관련서비스업,-
2018.1,수리 및 기타개인서비스업,63.5
2018.11,전산업,90
2018.11,식료품,89.7
2018.11,음료,97.8
2018.11,섬유제품 의복제외,86.3
2018.11,의복의복악세서리및모피제품,79.5
2018.11,가죽가방및신발,85.2
2018.11,목재및나무제품 가구제외,82.1
2018.11,펄프종이및종이제품,77.1
2018.11,인쇄및기록매체복제업,68.3
2018.11,화학물질및화학제품 의약품제외,93.5
2018.11,의료용물질및의약품,117.9
2018.11,고무제품및플라스틱제품,108.2
2018.11,비금속광물제품,107
2018.11,1차금속,80.8
2018.11,금속가공제품 기계및가구제외,78.2
2018.11,전자부품컴퓨터영상음향및통신장비,91
2018.11,의료정밀광학기기및시계,90
2018.11,전기장비,92.8
2018.11,기타기계및장비,74
2018.11,자동차및트레일러,84.5
2018.11,기타운송장비,76.1
2018.11,가구,65
2018.11,기타제품,77.7
2018.11,비제조업,109.5
2018.11,건설업,105.6
2018.11,도매 및 소매업,107.4
2018.11,운수업,65.2
2018.11,숙박 및 음식점업,-
2018.11,출판영상방송통신 및 정보서비스업,124.4
2018.11,부동산업 및 임대업,200
2018.11,전문과학 및 기술서비스업,94.4
2018.11,사업시설관리 및 사업지원서비스업,150
2018.11,교육서비스업,-
2018.11,예술스포츠 및 여가관련서비스업,-
2018.11,수리 및 기타개인서비스업,71
2018.12,전산업,84.7
2018.12,식료품,96.3
2018.12,음료,104
2018.12,섬유제품 의복제외,88.7
2018.12,의복의복악세서리및모피제품,82.2
2018.12,가죽가방및신발,87.1
2018.12,목재및나무제품 가구제외,17.3
2018.12,펄프종이및종이제품,75
2018.12,인쇄및기록매체복제업,55.6
2018.12,화학물질및화학제품 의약품제외,82.4
2018.12,의료용물질및의약품,97
2018.12,고무제품및플라스틱제품,87.9
2018.12,비금속광물제품,114.7
2018.12,1차금속,89.6
2018.12,금속가공제품 기계및가구제외,77
2018.12,전자부품컴퓨터영상음향및통신장비,89.5
2018.12,의료정밀광학기기및시계,94.4
2018.12,전기장비,64.6
2018.12,기타기계및장비,80.7
2018.12,자동차및트레일러,90.8
2018.12,기타운송장비,87.6
2018.12,가구,65.8
2018.12,기타제품,84.8
2018.12,비제조업,105.2
2018.12,건설업,82.1
2018.12,도매 및 소매업,81.3
2018.12,운수업,75.4
2018.12,숙박 및 음식점업,-
2018.12,출판영상방송통신 및 정보서비스업,107.7
2018.12,부동산업 및 임대업,50
2018.12,전문과학 및 기술서비스업,88.7
2018.12,사업시설관리 및 사업지원서비스업,-
2018.12,교육서비스업,-
2018.12,예술스포츠 및 여가관련서비스업,-
2018.12,수리 및 기타개인서비스업,100
2019.01,전산업,80.8
2019.01,식료품,87
2019.01,음료,98.4
2019.01,섬유제품 의복제외,76.1
2019.01,의복의복악세서리및모피제품,75.9
2019.01,가죽가방및신발,83.7
2019.01,목재및나무제품 가구제외,68.9
2019.01,펄프종이및종이제품,75
2019.01,인쇄및기록매체복제업,92.4
2019.01,화학물질및화학제품 의약품제외,90.9
2019.01,의료용물질및의약품,92.3
2019.01,고무제품및플라스틱제품,88.8
2019.01,비금속광물제품,99.6
2019.01,1차금속,87.4
2019.01,금속가공제품 기계및가구제외,79.5
2019.01,전자부품컴퓨터영상음향및통신장비,96.4
2019.01,의료정밀광학기기및시계,86
2019.01,전기장비,73.3
2019.01,기타기계및장비,78.4
2019.01,자동차및트레일러,84.4
2019.01,기타운송장비,65.8
2019.01,가구,100
2019.01,기타제품,72.1
2019.01,비제조업,76.1
2019.01,건설업,76.1
2019.01,도매 및 소매업,72.3
2019.01,운수업,66.8
2019.01,숙박 및 음식점업,-
2019.01,출판영상방송통신 및 정보서비스업,106.2
2019.01,부동산업 및 임대업,50
2019.01,전문과학 및 기술서비스업,86
2019.01,사업시설관리 및 사업지원서비스업,0
2019.01,교육서비스업,-
2019.01,예술스포츠 및 여가관련서비스업,100
2019.01,수리 및 기타개인서비스업,50
2019.02,전산업,75.9
2019.02,식료품,86.4
2019.02,음료,101.9
2019.02,섬유제품 의복제외,62.6
2019.02,의복의복악세서리및모피제품,63.3
2019.02,가죽가방및신발,65.6
2019.02,목재및나무제품 가구제외,57.3
2019.02,펄프종이및종이제품,78
2019.02,인쇄및기록매체복제업,87.5
2019.02,화학물질및화학제품 의약품제외,80.1
2019.02,의료용물질및의약품,87.6
2019.02,고무제품및플라스틱제품,69.2
2019.02,비금속광물제품,94.2
2019.02,1차금속,78.2
2019.02,금속가공제품 기계및가구제외,67.8
2019.02,전자부품컴퓨터영상음향및통신장비,92.8
2019.02,의료정밀광학기기및시계,83.5
2019.02,전기장비,64.9
2019.02,기타기계및장비,70.5
2019.02,자동차및트레일러,83
2019.02,기타운송장비,60
2019.02,가구,75
2019.02,기타제품,77.1
2019.02,비제조업,95.7
2019.02,건설업,75.7
2019.02,도매 및 소매업,74.2
2019.02,운수업,62.9
2019.02,숙박 및 음식점업,100
2019.02,출판영상방송통신 및 정보서비스업,110.7
2019.02,부동산업 및 임대업,50
2019.02,전문과학 및 기술서비스업,66.1
2019.02,사업시설관리 및 사업지원서비스업,50
2019.02,교육서비스업,-
2019.02,예술스포츠 및 여가관련서비스업,-
2019.02,수리 및 기타개인서비스업,50
2019.03,전산업,86.8
2019.03,식료품,94
2019.03,음료,107.1
2019.03,섬유제품 의복제외,71.3
2019.03,의복의복악세서리및모피제품,74.4
2019.03,가죽가방및신발,85.9
2019.03,목재및나무제품 가구제외,50
2019.03,펄프종이및종이제품,80.3
2019.03,인쇄및기록매체복제업,70.9
2019.03,화학물질및화학제품 의약품제외,90.4
2019.03,의료용물질및의약품,104.1
2019.03,고무제품및플라스틱제품,91.7
2019.03,비금속광물제품,79.2
2019.03,1차금속,100
2019.03,금속가공제품 기계및가구제외,83.5
2019.03,전자부품컴퓨터영상음향및통신장비,93.7
2019.03,의료정밀광학기기및시계,103.7
2019.03,전기장비,73.3
2019.03,기타기계및장비,73.4
2019.03,자동차및트레일러,86.8
2019.03,기타운송장비,84.6
2019.03,가구,75
2019.03,기타제품,81
2019.03,비제조업,111.5
2019.03,건설업,88.8
2019.03,도매 및 소매업,88.9
2019.03,운수업,78.9
2019.03,숙박 및 음식점업,-
2019.03,출판영상방송통신 및 정보서비스업,100.3
2019.03,부동산업 및 임대업,100
2019.03,전문과학 및 기술서비스업,78.2
2019.03,사업시설관리 및 사업지원서비스업,75
2019.03,교육서비스업,-
2019.03,예술스포츠 및 여가관련서비스업,-
2019.03,수리 및 기타개인서비스업,100
2019.04,전산업,91
2019.04,식료품,90.4
2019.04,음료,100
2019.04,섬유제품 의복제외,79.7
2019.04,의복의복악세서리및모피제품,92.8
2019.04,가죽가방및신발,73.3
2019.04,목재및나무제품 가구제외,25
2019.04,펄프종이및종이제품,92
2019.04,인쇄및기록매체복제업,107.6
2019.04,화학물질및화학제품 의약품제외,95.2
2019.04,의료용물질및의약품,94.5
2019.04,고무제품및플라스틱제품,87.6
2019.04,비금속광물제품,134.6
2019.04,1차금속,75
2019.04,금속가공제품 기계및가구제외,91.4
2019.04,전자부품컴퓨터영상음향및통신장비,103.9
2019.04,의료정밀광학기기및시계,96.7
2019.04,전기장비,78.7
2019.04,기타기계및장비,79.8
2019.04,자동차및트레일러,89.3
2019.04,기타운송장비,90.6
2019.04,가구,50
2019.04,기타제품,82
2019.04,비제조업,117.2
2019.04,건설업,99.3
2019.04,도매 및 소매업,99.6
2019.04,운수업,99
2019.04,숙박 및 음식점업,-
2019.04,출판영상방송통신 및 정보서비스업,107.4
2019.04,부동산업 및 임대업,100
2019.04,전문과학 및 기술서비스업,90.2
2019.04,사업시설관리 및 사업지원서비스업,50
2019.04,교육서비스업,-
2019.04,예술스포츠 및 여가관련서비스업,-
2019.04,수리 및 기타개인서비스업,50
2019.05,전산업,87.4
2019.05,식료품,102.7
2019.05,음료,90.9
2019.05,섬유제품 의복제외,66.2
2019.05,의복의복악세서리및모피제품,77
2019.05,가죽가방및신발,80.4
2019.05,목재및나무제품 가구제외,50
2019.05,펄프종이및종이제품,87.1
2019.05,인쇄및기록매체복제업,100
2019.05,화학물질및화학제품 의약품제외,95.2
2019.05,의료용물질및의약품,104.1
2019.05,고무제품및플라스틱제품,87.2
2019.05,비금속광물제품,69
2019.05,1차금속,96.4
2019.05,금속가공제품 기계및가구제외,88.7
2019.05,전자부품컴퓨터영상음향및통신장비,103.4
2019.05,의료정밀광학기기및시계,91.8
2019.05,전기장비,75
2019.05,기타기계및장비,80.3
2019.05,자동차및트레일러,85.5
2019.05,기타운송장비,92.2
2019.05,가구,50
2019.05,기타제품,81.6
2019.05,비제조업,100
2019.05,건설업,86.8
2019.05,도매 및 소매업,85.7
2019.05,운수업,75.4
2019.05,숙박 및 음식점업,-
2019.05,출판영상방송통신 및 정보서비스업,114.5
2019.05,부동산업 및 임대업,150
2019.05,전문과학 및 기술서비스업,72.1
2019.05,사업시설관리 및 사업지원서비스업,-
2019.05,교육서비스업,-
2019.05,예술스포츠 및 여가관련서비스업,-
2019.05,수리 및 기타개인서비스업,100
2019.06,전산업,82.9
2019.06,식료품,90.3
2019.06,음료,110.2
2019.06,섬유제품 의복제외,73.2
2019.06,의복의복악세서리및모피제품,82.6
2019.06,가죽가방및신발,68.1
2019.06,목재및나무제품 가구제외,50
2019.06,펄프종이및종이제품,69.6
2019.06,인쇄및기록매체복제업,79.2
2019.06,화학물질및화학제품 의약품제외,89.1
2019.06,의료용물질및의약품,104.5
2019.06,고무제품및플라스틱제품,87.7
2019.06,비금속광물제품,69.6
2019.06,1차금속,84.5
2019.06,금속가공제품 기계및가구제외,84.5
2019.06,전자부품컴퓨터영상음향및통신장비,106.9
2019.06,의료정밀광학기기및시계,94
2019.06,전기장비,74.8
2019.06,기타기계및장비,83.2
2019.06,자동차및트레일러,90.3
2019.06,기타운송장비,91.3
2019.06,가구,66.7
2019.06,기타제품,79.7
2019.06,비제조업,108.8
2019.06,건설업,70.3
2019.06,도매 및 소매업,67.8
2019.06,운수업,87.7
2019.06,숙박 및 음식점업,-
2019.06,출판영상방송통신 및 정보서비스업,95.5
2019.06,부동산업 및 임대업,100
2019.06,전문과학 및 기술서비스업,89
2019.06,사업시설관리 및 사업지원서비스업,-
2019.06,교육서비스업,-
2019.06,예술스포츠 및 여가관련서비스업,-
2019.06,수리 및 기타개인서비스업,100
2019.07,전산업,85.5
2019.07,식료품,81.7
2019.07,음료,99.1
2019.07,섬유제품 의복제외,62.1
2019.07,의복의복악세서리및모피제품,75.5
2019.07,가죽가방및신발,69.7
2019.07,목재및나무제품 가구제외,0
2019.07,펄프종이및종이제품,78.5
2019.07,인쇄및기록매체복제업,74.9
2019.07,화학물질및화학제품 의약품제외,85
2019.07,의료용물질및의약품,84.4
2019.07,고무제품및플라스틱제품,82.2
2019.07,비금속광물제품,89.9
2019.07,1차금속,83.5
2019.07,금속가공제품 기계및가구제외,103.9
2019.07,전자부품컴퓨터영상음향및통신장비,88
2019.07,의료정밀광학기기및시계,84.9
2019.07,전기장비,72.1
2019.07,기타기계및장비,81.7
2019.07,자동차및트레일러,81.5
2019.07,기타운송장비,77.7
2019.07,가구,73.4
2019.07,기타제품,89.7
2019.07,비제조업,100
2019.07,건설업,90.4
2019.07,도매 및 소매업,91.6
2019.07,운수업,63.3
2019.07,숙박 및 음식점업,-
2019.07,출판영상방송통신 및 정보서비스업,83.6
2019.07,부동산업 및 임대업,150
2019.07,전문과학 및 기술서비스업,80.9
2019.07,사업시설관리 및 사업지원서비스업,-
2019.07,교육서비스업,-
2019.07,예술스포츠 및 여가관련서비스업,-
2019.07,수리 및 기타개인서비스업,100
2019.08,전산업,80.6
2019.08,식료품,90.2
2019.08,음료,98.2
2019.08,섬유제품 의복제외,77.7
2019.08,의복의복악세서리및모피제품,70.3
2019.08,가죽가방및신발,75
2019.08,목재및나무제품 가구제외,0
2019.08,펄프종이및종이제품,73.2
2019.08,인쇄및기록매체복제업,60
2019.08,화학물질및화학제품 의약품제외,88.5
2019.08,의료용물질및의약품,95.2
2019.08,고무제품및플라스틱제품,75.7
2019.08,비금속광물제품,92.5
2019.08,1차금속,69.5
2019.08,금속가공제품 기계및가구제외,87.1
2019.08,전자부품컴퓨터영상음향및통신장비,94.8
2019.08,의료정밀광학기기및시계,79.9
2019.08,전기장비,66.4
2019.08,기타기계및장비,76.2
2019.08,자동차및트레일러,77.3
2019.08,기타운송장비,70
2019.08,가구,50
2019.08,기타제품,82.4
2019.08,비제조업,100
2019.08,건설업,83.8
2019.08,도매 및 소매업,84.4
2019.08,운수업,62.5
2019.08,숙박 및 음식점업,-
2019.08,출판영상방송통신 및 정보서비스업,81.8
2019.08,부동산업 및 임대업,100
2019.08,전문과학 및 기술서비스업,81.3
2019.08,사업시설관리 및 사업지원서비스업,100
2019.08,교육서비스업,-
2019.08,예술스포츠 및 여가관련서비스업,-
2019.08,수리 및 기타개인서비스업,50
2019.09,전산업,82.5
2019.09,식료품,86.8
2019.09,음료,90.9
2019.09,섬유제품 의복제외,79.6
2019.09,의복의복악세서리및모피제품,87.9
2019.09,가죽가방및신발,95.7
2019.09,목재및나무제품 가구제외,100
2019.09,펄프종이및종이제품,79.6
2019.09,인쇄및기록매체복제업,50
2019.09,화학물질및화학제품 의약품제외,92.4
2019.09,의료용물질및의약품,95.4
2019.09,고무제품및플라스틱제품,84.4
2019.09,비금속광물제품,69
2019.09,1차금속,86.5
2019.09,금속가공제품 기계및가구제외,83.7
2019.09,전자부품컴퓨터영상음향및통신장비,88
2019.09,의료정밀광학기기및시계,88
2019.09,전기장비,69.1
2019.09,기타기계및장비,70
2019.09,자동차및트레일러,72.5
2019.09,기타운송장비,61.2
2019.09,가구,75
2019.09,기타제품,78
2019.09,비제조업,100
2019.09,건설업,89.5
2019.09,도매 및 소매업,89.5
2019.09,운수업,63.1
2019.09,숙박 및 음식점업,-
2019.09,출판영상방송통신 및 정보서비스업,86.2
2019.09,부동산업 및 임대업,135.7
2019.09,전문과학 및 기술서비스업,103.6
2019.09,사업시설관리 및 사업지원서비스업,100
2019.09,교육서비스업,-
2019.09,예술스포츠 및 여가관련서비스업,-
2019.09,수리 및 기타개인서비스업,100
2019.1,전산업,82.9
2019.1,식료품,98.9
2019.1,음료,85
2019.1,섬유제품 의복제외,75.1
2019.1,의복의복악세서리및모피제품,96.6
2019.1,가죽가방및신발,66.8
2019.1,목재및나무제품 가구제외,75
2019.1,펄프종이및종이제품,67.6
2019.1,인쇄및기록매체복제업,65.5
2019.1,화학물질및화학제품 의약품제외,90.9
2019.1,의료용물질및의약품,107.7
2019.1,고무제품및플라스틱제품,79.1
2019.1,비금속광물제품,86
2019.1,1차금속,83.4
2019.1,금속가공제품 기계및가구제외,100
2019.1,전자부품컴퓨터영상음향및통신장비,85.9
2019.1,의료정밀광학기기및시계,95.4
2019.1,전기장비,68.8
2019.1,기타기계및장비,75
2019.1,자동차및트레일러,74.4
2019.1,기타운송장비,79.7
2019.1,가구,86.4
2019.1,기타제품,85.6
2019.1,비제조업,67.4
2019.1,건설업,84.2
2019.1,도매 및 소매업,83.5
2019.1,운수업,87.6
2019.1,숙박 및 음식점업,-
2019.1,출판영상방송통신 및 정보서비스업,104
2019.1,부동산업 및 임대업,62.5
2019.1,전문과학 및 기술서비스업,77
2019.1,사업시설관리 및 사업지원서비스업,87
2019.1,교육서비스업,-
2019.1,예술스포츠 및 여가관련서비스업,-
2019.1,수리 및 기타개인서비스업,100
2019.11,전산업,86.6
2019.11,식료품,105.2
2019.11,음료,87.9
2019.11,섬유제품 의복제외,64.8
2019.11,의복의복악세서리및모피제품,95.5
2019.11,가죽가방및신발,90.7
2019.11,목재및나무제품 가구제외,50
2019.11,펄프종이및종이제품,85.7
2019.11,인쇄및기록매체복제업,72.4
2019.11,화학물질및화학제품 의약품제외,93.1
2019.11,의료용물질및의약품,109.5
2019.11,고무제품및플라스틱제품,85.7
2019.11,비금속광물제품,100
2019.11,1차금속,91.2
2019.11,금속가공제품 기계및가구제외,86.7
2019.11,전자부품컴퓨터영상음향및통신장비,90.1
2019.11,의료정밀광학기기및시계,99.1
2019.11,전기장비,76.6
2019.11,기타기계및장비,79.5
2019.11,자동차및트레일러,86
2019.11,기타운송장비,102.7
2019.11,가구,77.2
2019.11,기타제품,79.1
2019.11,비제조업,100
2019.11,건설업,86.4
2019.11,도매 및 소매업,86.2
2019.11,운수업,50
2019.11,숙박 및 음식점업,-
2019.11,출판영상방송통신 및 정보서비스업,111.7
2019.11,부동산업 및 임대업,100
2019.11,전문과학 및 기술서비스업,63.5
2019.11,사업시설관리 및 사업지원서비스업,-
2019.11,교육서비스업,-
2019.11,예술스포츠 및 여가관련서비스업,100
2019.11,수리 및 기타개인서비스업,100
2019.12,전산업,81.1
2019.12,식료품,83.8
2019.12,음료,86.7
2019.12,섬유제품 의복제외,67.4
2019.12,의복의복악세서리및모피제품,91.8
2019.12,가죽가방및신발,95
2019.12,목재및나무제품 가구제외,50
2019.12,펄프종이및종이제품,77.4
2019.12,인쇄및기록매체복제업,77.7
2019.12,화학물질및화학제품 의약품제외,88.5
2019.12,의료용물질및의약품,85.1
2019.12,고무제품및플라스틱제품,83.3
2019.12,비금속광물제품,86.2
2019.12,1차금속,77.4
2019.12,금속가공제품 기계및가구제외,87.2
2019.12,전자부품컴퓨터영상음향및통신장비,75.1
2019.12,의료정밀광학기기및시계,93.5
2019.12,전기장비,88.4
2019.12,기타기계및장비,76.5
2019.12,자동차및트레일러,88.4
2019.12,기타운송장비,88.6
2019.12,가구,113.7
2019.12,기타제품,80.2
2019.12,비제조업,100
2019.12,건설업,75.2
2019.12,도매 및 소매업,73.8
2019.12,운수업,63.1
2019.12,숙박 및 음식점업,-
2019.12,출판영상방송통신 및 정보서비스업,106.1
2019.12,부동산업 및 임대업,100
2019.12,전문과학 및 기술서비스업,82.1
2019.12,사업시설관리 및 사업지원서비스업,50
2019.12,교육서비스업,-
2019.12,예술스포츠 및 여가관련서비스업,-
2019.12,수리 및 기타개인서비스업,100
2020.01,전산업,83.7
2020.01,식료품,101.2
2020.01,음료,94
2020.01,섬유제품 의복제외,66.5
2020.01,의복의복악세서리및모피제품,87.2
2020.01,가죽가방및신발,80.2
2020.01,목재및나무제품 가구제외,25
2020.01,펄프종이및종이제품,73.2
2020.01,인쇄및기록매체복제업,83.3
2020.01,화학물질및화학제품 의약품제외,85.7
2020.01,의료용물질및의약품,98.7
2020.01,고무제품및플라스틱제품,75.8
2020.01,비금속광물제품,116.7
2020.01,1차금속,80.7
2020.01,금속가공제품 기계및가구제외,85.6
2020.01,전자부품컴퓨터영상음향및통신장비,102
2020.01,의료정밀광학기기및시계,83.3
2020.01,전기장비,76.9
2020.01,기타기계및장비,96
2020.01,자동차및트레일러,74.6
2020.01,기타운송장비,90.1
2020.01,가구,81.9
2020.01,기타제품,75
2020.01,비제조업,100
2020.01,건설업,78.2
2020.01,도매 및 소매업,80
2020.01,운수업,32.5
2020.01,숙박 및 음식점업,-
2020.01,출판영상방송통신 및 정보서비스업,91.3
2020.01,부동산업 및 임대업,150
2020.01,전문과학 및 기술서비스업,65.2
2020.01,사업시설관리 및 사업지원서비스업,-
2020.01,교육서비스업,-
2020.01,예술스포츠 및 여가관련서비스업,-
2020.01,수리 및 기타개인서비스업,100
2020.02,전산업,78.1
2020.02,식료품,86.8
2020.02,음료,100.9
2020.02,섬유제품 의복제외,59.1
2020.02,의복의복악세서리및모피제품,87.2
2020.02,가죽가방및신발,75
2020.02,목재및나무제품 가구제외,25
2020.02,펄프종이및종이제품,68.9
2020.02,인쇄및기록매체복제업,79.5
2020.02,화학물질및화학제품 의약품제외,87.3
2020.02,의료용물질및의약품,85.1
2020.02,고무제품및플라스틱제품,71.4
2020.02,비금속광물제품,100
2020.02,1차금속,84.1
2020.02,금속가공제품 기계및가구제외,68.3
2020.02,전자부품컴퓨터영상음향및통신장비,78.4
2020.02,의료정밀광학기기및시계,84.3
2020.02,전기장비,65.8
2020.02,기타기계및장비,82.8
2020.02,자동차및트레일러,78.6
2020.02,기타운송장비,75.1
2020.02,가구,100
2020.02,기타제품,64.5
2020.02,비제조업,100
2020.02,건설업,78
2020.02,도매 및 소매업,77.2
2020.02,운수업,84
2020.02,숙박 및 음식점업,-
2020.02,출판영상방송통신 및 정보서비스업,94.4
2020.02,부동산업 및 임대업,0
2020.02,전문과학 및 기술서비스업,71
2020.02,사업시설관리 및 사업지원서비스업,50
2020.02,교육서비스업,-
2020.02,예술스포츠 및 여가관련서비스업,-
2020.02,수리 및 기타개인서비스업,100
2020.03,전산업,77.7
2020.03,식료품,73
2020.03,음료,82.4
2020.03,섬유제품 의복제외,61.3
2020.03,의복의복악세서리및모피제품,58.9
2020.03,가죽가방및신발,73.2
2020.03,목재및나무제품 가구제외,79.2
2020.03,펄프종이및종이제품,66.2
2020.03,인쇄및기록매체복제업,71.7
2020.03,화학물질및화학제품 의약품제외,81.4
2020.03,의료용물질및의약품,62.9
2020.03,고무제품및플라스틱제품,74
2020.03,비금속광물제품,58
2020.03,1차금속,83.9
2020.03,금속가공제품 기계및가구제외,84
2020.03,전자부품컴퓨터영상음향및통신장비,89.1
2020.03,의료정밀광학기기및시계,82.4
2020.03,전기장비,66.3
2020.03,기타기계및장비,72.7
2020.03,자동차및트레일러,78.8
2020.03,기타운송장비,91.7
2020.03,가구,63.6
2020.03,기타제품,71.7
2020.03,비제조업,77
2020.03,건설업,81.9
2020.03,도매 및 소매업,85.2
2020.03,운수업,24.5
2020.03,숙박 및 음식점업,-
2020.03,출판영상방송통신 및 정보서비스업,88.2
2020.03,부동산업 및 임대업,0
2020.03,전문과학 및 기술서비스업,54.5
2020.03,사업시설관리 및 사업지원서비스업,-
2020.03,교육서비스업,-
2020.03,예술스포츠 및 여가관련서비스업,-
2020.03,수리 및 기타개인서비스업,100
2020.04,전산업,53
2020.04,식료품,53.2
2020.04,음료,69.5
2020.04,섬유제품 의복제외,31.3
2020.04,의복의복악세서리및모피제품,31.4
2020.04,가죽가방및신발,40.8
2020.04,목재및나무제품 가구제외,22.8
2020.04,펄프종이및종이제품,68.3
2020.04,인쇄및기록매체복제업,34.8
2020.04,화학물질및화학제품 의약품제외,60.9
2020.04,의료용물질및의약품,70.2
2020.04,고무제품및플라스틱제품,56.3
2020.04,비금속광물제품,67.5
2020.04,1차금속,66.6
2020.04,금속가공제품 기계및가구제외,45.6
2020.04,전자부품컴퓨터영상음향및통신장비,67.5
2020.04,의료정밀광학기기및시계,58
2020.04,전기장비,51.3
2020.04,기타기계및장비,55.4
2020.04,자동차및트레일러,38.2
2020.04,기타운송장비,77.5
2020.04,가구,38.4
2020.04,기타제품,45.4
2020.04,비제조업,93.8
2020.04,건설업,48
2020.04,도매 및 소매업,47.7
2020.04,운수업,12
2020.04,숙박 및 음식점업,-
2020.04,출판영상방송통신 및 정보서비스업,79.2
2020.04,부동산업 및 임대업,0
2020.04,전문과학 및 기술서비스업,60.5
2020.04,사업시설관리 및 사업지원서비스업,-
2020.04,교육서비스업,-
2020.04,예술스포츠 및 여가관련서비스업,-
2020.04,수리 및 기타개인서비스업,100
2020.05,전산업,55.9
2020.05,식료품,63.2
2020.05,음료,61.5
2020.05,섬유제품 의복제외,40.4
2020.05,의복의복악세서리및모피제품,54
2020.05,가죽가방및신발,57.4
2020.05,목재및나무제품 가구제외,0
2020.05,펄프종이및종이제품,47.7
2020.05,인쇄및기록매체복제업,19.9
2020.05,화학물질및화학제품 의약품제외,64.9
2020.05,의료용물질및의약품,80.1
2020.05,고무제품및플라스틱제품,47
2020.05,비금속광물제품,50
2020.05,1차금속,59.3
2020.05,금속가공제품 기계및가구제외,41.3
2020.05,전자부품컴퓨터영상음향및통신장비,44.1
2020.05,의료정밀광학기기및시계,66.2
2020.05,전기장비,41.1
2020.05,기타기계및장비,64
2020.05,자동차및트레일러,33.2
2020.05,기타운송장비,74.5
2020.05,가구,71.7
2020.05,기타제품,34.7
2020.05,비제조업,75.7
2020.05,건설업,66.6
2020.05,도매 및 소매업,65.9
2020.05,운수업,73
2020.05,숙박 및 음식점업,-
2020.05,출판영상방송통신 및 정보서비스업,82.2
2020.05,부동산업 및 임대업,79.6
2020.05,전문과학 및 기술서비스업,49.6
2020.05,사업시설관리 및 사업지원서비스업,-
2020.05,교육서비스업,-
2020.05,예술스포츠 및 여가관련서비스업,-
2020.05,수리 및 기타개인서비스업,100
2020.06,전산업,57.2
2020.06,식료품,67.3
2020.06,음료,70.1
2020.06,섬유제품 의복제외,54.8
2020.06,의복의복악세서리및모피제품,39.4
2020.06,가죽가방및신발,47.1
2020.06,목재및나무제품 가구제외,23.5
2020.06,펄프종이및종이제품,53.4
2020.06,인쇄및기록매체복제업,47.9
2020.06,화학물질및화학제품 의약품제외,70.4
2020.06,의료용물질및의약품,91.9
2020.06,고무제품및플라스틱제품,51.1
2020.06,비금속광물제품,37.5
2020.06,1차금속,60.7
2020.06,금속가공제품 기계및가구제외,52.3
2020.06,전자부품컴퓨터영상음향및통신장비,65.7
2020.06,의료정밀광학기기및시계,62.1
2020.06,전기장비,43.2
2020.06,기타기계및장비,49.1
2020.06,자동차및트레일러,54
2020.06,기타운송장비,86.6
2020.06,가구,21.5
2020.06,기타제품,42.9
2020.06,비제조업,100
2020.06,건설업,60
2020.06,도매 및 소매업,55.8
2020.06,운수업,114.1
2020.06,숙박 및 음식점업,-
2020.06,출판영상방송통신 및 정보서비스업,93
2020.06,부동산업 및 임대업,-
2020.06,전문과학 및 기술서비스업,90.9
2020.06,사업시설관리 및 사업지원서비스업,0
2020.06,교육서비스업,-
2020.06,예술스포츠 및 여가관련서비스업,-
2020.06,수리 및 기타개인서비스업,100
2020.07,전산업,63.4
2020.07,식료품,56.9
2020.07,음료,78.8
2020.07,섬유제품 의복제외,47.9
2020.07,의복의복악세서리및모피제품,73.2
2020.07,가죽가방및신발,47.4
2020.07,목재및나무제품 가구제외,24.3
2020.07,펄프종이및종이제품,61.5
2020.07,인쇄및기록매체복제업,61.2
2020.07,화학물질및화학제품 의약품제외,70.4
2020.07,의료용물질및의약품,90.2
2020.07,고무제품및플라스틱제품,75.8
2020.07,비금속광물제품,50
2020.07,1차금속,67.5
2020.07,금속가공제품 기계및가구제외,76.2
2020.07,전자부품컴퓨터영상음향및통신장비,72.4
2020.07,의료정밀광학기기및시계,68.2
2020.07,전기장비,46.8
2020.07,기타기계및장비,66.6
2020.07,자동차및트레일러,74.9
2020.07,기타운송장비,67.4
2020.07,가구,69.3
2020.07,기타제품,58.8
2020.07,비제조업,100
2020.07,건설업,50.4
2020.07,도매 및 소매업,46.3
2020.07,운수업,90.1
2020.07,숙박 및 음식점업,-
2020.07,출판영상방송통신 및 정보서비스업,68.3
2020.07,부동산업 및 임대업,-
2020.07,전문과학 및 기술서비스업,70.4
2020.07,사업시설관리 및 사업지원서비스업,100
2020.07,교육서비스업,-
2020.07,예술스포츠 및 여가관련서비스업,-
2020.07,수리 및 기타개인서비스업,67.7
2020.08,전산업,71.2
2020.08,식료품,75
2020.08,음료,107.9
2020.08,섬유제품 의복제외,50
2020.08,의복의복악세서리및모피제품,84.7
2020.08,가죽가방및신발,67
2020.08,목재및나무제품 가구제외,103.1
2020.08,펄프종이및종이제품,89.2
2020.08,인쇄및기록매체복제업,50
2020.08,화학물질및화학제품 의약품제외,80.8
2020.08,의료용물질및의약품,84.4
2020.08,고무제품및플라스틱제품,66.3
2020.08,비금속광물제품,90
2020.08,1차금속,62.5
2020.08,금속가공제품 기계및가구제외,86.4
2020.08,전자부품컴퓨터영상음향및통신장비,69.7
2020.08,의료정밀광학기기및시계,75.7
2020.08,전기장비,71.5
2020.08,기타기계및장비,61.9
2020.08,자동차및트레일러,73.2
2020.08,기타운송장비,78.4
2020.08,가구,74.5
2020.08,기타제품,55.7
2020.08,비제조업,100
2020.08,건설업,70.2
2020.08,도매 및 소매업,68.1
2020.08,운수업,125.1
2020.08,숙박 및 음식점업,-
2020.08,출판영상방송통신 및 정보서비스업,86.4
2020.08,부동산업 및 임대업,-
2020.08,전문과학 및 기술서비스업,68.6
2020.08,사업시설관리 및 사업지원서비스업,0
2020.08,교육서비스업,-
2020.08,예술스포츠 및 여가관련서비스업,-
2020.08,수리 및 기타개인서비스업,50
2020.09,전산업,79.8
2020.09,식료품,86.8
2020.09,음료,96.7
2020.09,섬유제품 의복제외,69.6
2020.09,의복의복악세서리및모피제품,57.7
2020.09,가죽가방및신발,66.3
2020.09,목재및나무제품 가구제외,102.3
2020.09,펄프종이및종이제품,75.8
2020.09,인쇄및기록매체복제업,54.6
2020.09,화학물질및화학제품 의약품제외,79.3
2020.09,의료용물질및의약품,100
2020.09,고무제품및플라스틱제품,65.3
2020.09,비금속광물제품,60
2020.09,1차금속,94.9
2020.09,금속가공제품 기계및가구제외,96
2020.09,전자부품컴퓨터영상음향및통신장비,82.8
2020.09,의료정밀광학기기및시계,68.9
2020.09,전기장비,51.3
2020.09,기타기계및장비,59.1
2020.09,자동차및트레일러,92.6
2020.09,기타운송장비,87.2
2020.09,가구,50
2020.09,기타제품,46.1
2020.09,비제조업,100
2020.09,건설업,92.8
2020.09,도매 및 소매업,95.6
2020.09,운수업,87.8
2020.09,숙박 및 음식점업,-
2020.09,출판영상방송통신 및 정보서비스업,83
2020.09,부동산업 및 임대업,-
2020.09,전문과학 및 기술서비스업,65.5
2020.09,사업시설관리 및 사업지원서비스업,0
2020.09,교육서비스업,-
2020.09,예술스포츠 및 여가관련서비스업,-
2020.09,수리 및 기타개인서비스업,100
2020.1,전산업,83.3
2020.1,식료품,94.8
2020.1,음료,92
2020.1,섬유제품 의복제외,60.8
2020.1,의복의복악세서리및모피제품,88.8
2020.1,가죽가방및신발,83
2020.1,목재및나무제품 가구제외,123.5
2020.1,펄프종이및종이제품,98.6
2020.1,인쇄및기록매체복제업,55.2
2020.1,화학물질및화학제품 의약품제외,97.1
2020.1,의료용물질및의약품,79.1
2020.1,고무제품및플라스틱제품,88.2
2020.1,비금속광물제품,120
2020.1,1차금속,99.6
2020.1,금속가공제품 기계및가구제외,89.8
2020.1,전자부품컴퓨터영상음향및통신장비,75.2
2020.1,의료정밀광학기기및시계,82.4
2020.1,전기장비,68.7
2020.1,기타기계및장비,71
2020.1,자동차및트레일러,96.6
2020.1,기타운송장비,77.9
2020.1,가구,58.1
2020.1,기타제품,84.4
2020.1,비제조업,100
2020.1,건설업,78.4
2020.1,도매 및 소매업,80.2
2020.1,운수업,50.2
2020.1,숙박 및 음식점업,-
2020.1,출판영상방송통신 및 정보서비스업,79.5
2020.1,부동산업 및 임대업,-
2020.1,전문과학 및 기술서비스업,92.1
2020.1,사업시설관리 및 사업지원서비스업,50
2020.1,교육서비스업,-
2020.1,예술스포츠 및 여가관련서비스업,-
2020.1,수리 및 기타개인서비스업,100
2020.11,전산업,84.8
2020.11,식료품,95.7
2020.11,음료,88.2
2020.11,섬유제품 의복제외,65.1
2020.11,의복의복악세서리및모피제품,87.5
2020.11,가죽가방및신발,86.3
2020.11,목재및나무제품 가구제외,76.5
2020.11,펄프종이및종이제품,75.4
2020.11,인쇄및기록매체복제업,66.2
2020.11,화학물질및화학제품 의약품제외,85.7
2020.11,의료용물질및의약품,83.7
2020.11,고무제품및플라스틱제품,81.3
2020.11,비금속광물제품,76.6
2020.11,1차금속,87
2020.11,금속가공제품 기계및가구제외,87.8
2020.11,전자부품컴퓨터영상음향및통신장비,80.8
2020.11,의료정밀광학기기및시계,83.1
2020.11,전기장비,80.5
2020.11,기타기계및장비,79.7
2020.11,자동차및트레일러,97.2
2020.11,기타운송장비,64.8
2020.11,가구,58.2
2020.11,기타제품,73
2020.11,비제조업,100
2020.11,건설업,89.6
2020.11,도매 및 소매업,92.6
2020.11,운수업,50.1
2020.11,숙박 및 음식점업,-
2020.11,출판영상방송통신 및 정보서비스업,94.4
2020.11,부동산업 및 임대업,-
2020.11,전문과학 및 기술서비스업,66.3
2020.11,사업시설관리 및 사업지원서비스업,75
2020.11,교육서비스업,-
2020.11,예술스포츠 및 여가관련서비스업,-
2020.11,수리 및 기타개인서비스업,50
2020.12,전산업,79.5
2020.12,식료품,85.1
2020.12,음료,67.9
2020.12,섬유제품 의복제외,63.1
2020.12,의복의복악세서리및모피제품,91.4
2020.12,가죽가방및신발,73.9
2020.12,목재및나무제품 가구제외,50
2020.12,펄프종이및종이제품,70.8
2020.12,인쇄및기록매체복제업,20
2020.12,화학물질및화학제품 의약품제외,80.5
2020.12,의료용물질및의약품,66.8
2020.12,고무제품및플라스틱제품,61.8
2020.12,비금속광물제품,81.8
2020.12,1차금속,89.5
2020.12,금속가공제품 기계및가구제외,72.8
2020.12,전자부품컴퓨터영상음향및통신장비,86.4
2020.12,의료정밀광학기기및시계,86.5
2020.12,전기장비,77.6
2020.12,기타기계및장비,85.7
2020.12,자동차및트레일러,91.4
2020.12,기타운송장비,74.8
2020.12,가구,47.9
2020.12,기타제품,61.2
2020.12,비제조업,68
2020.12,건설업,81.8
2020.12,도매 및 소매업,85.3
2020.12,운수업,66.7
2020.12,숙박 및 음식점업,59.5
2020.12,출판영상방송통신 및 정보서비스업,77
2020.12,부동산업 및 임대업,82
2020.12,전문과학 및 기술서비스업,65.5
2020.12,사업시설관리 및 사업지원서비스업,76.3
2020.12,교육서비스업,58.3
2020.12,예술스포츠 및 여가관련서비스업,14.5
2020.12,수리 및 기타개인서비스업,50.1
2021.01,전산업,85.2
2021.01,식료품,82
2021.01,음료,85.7
2021.01,섬유제품 의복제외,71.7
2021.01,의복의복악세서리및모피제품,60.7
2021.01,가죽가방및신발,53.4
2021.01,목재및나무제품 가구제외,-
2021.01,펄프종이및종이제품,96.4
2021.01,인쇄및기록매체복제업,40
2021.01,화학물질및화학제품 의약품제외,92.4
2021.01,의료용물질및의약품,90
2021.01,고무제품및플라스틱제품,90.2
2021.01,비금속광물제품,108.1
2021.01,1차금속,90.3
2021.01,금속가공제품 기계및가구제외,78.2
2021.01,전자부품컴퓨터영상음향및통신장비,98.8
2021.01,의료정밀광학기기및시계,69.3
2021.01,전기장비,67.4
2021.01,기타기계및장비,85.7
2021.01,자동차및트레일러,85.1
2021.01,기타운송장비,86
2021.01,가구,50
2021.01,기타제품,72.1
2021.01,비제조업,40.2
2021.01,건설업,97.4
2021.01,도매 및 소매업,105.3
2021.01,운수업,75.1
2021.01,숙박 및 음식점업,0
2021.01,출판영상방송통신 및 정보서비스업,87.9
2021.01,부동산업 및 임대업,100
2021.01,전문과학 및 기술서비스업,65.5
2021.01,사업시설관리 및 사업지원서비스업,84
2021.01,교육서비스업,25
2021.01,예술스포츠 및 여가관련서비스업,100
2021.01,수리 및 기타개인서비스업,79.9
2021.02,전산업,79
2021.02,식료품,81.9
2021.02,음료,86.4
2021.02,섬유제품 의복제외,60.9
2021.02,의복의복악세서리및모피제품,36.7
2021.02,가죽가방및신발,72.4
2021.02,목재및나무제품 가구제외,67.5
2021.02,펄프종이및종이제품,98.1
2021.02,인쇄및기록매체복제업,57.4
2021.02,화학물질및화학제품 의약품제외,78.6
2021.02,의료용물질및의약품,75
2021.02,고무제품및플라스틱제품,83.3
2021.02,비금속광물제품,83.7
2021.02,1차금속,86.5
2021.02,금속가공제품 기계및가구제외,84
2021.02,전자부품컴퓨터영상음향및통신장비,77.4
2021.02,의료정밀광학기기및시계,84
2021.02,전기장비,64.7
2021.02,기타기계및장비,87.3
2021.02,자동차및트레일러,92.5
2021.02,기타운송장비,82.8
2021.02,가구,94.4
2021.02,기타제품,58.2
2021.02,비제조업,80.8
2021.02,건설업,71.5
2021.02,도매 및 소매업,68
2021.02,운수업,84
2021.02,숙박 및 음식점업,85.4
2021.02,출판영상방송통신 및 정보서비스업,65.9
2021.02,부동산업 및 임대업,73.6
2021.02,전문과학 및 기술서비스업,64.3
2021.02,사업시설관리 및 사업지원서비스업,75.2
2021.02,교육서비스업,75
2021.02,예술스포츠 및 여가관련서비스업,25.6
2021.02,수리 및 기타개인서비스업,95.8
2021.03,전산업,90.8
2021.03,식료품,95.9
2021.03,음료,87.3
2021.03,섬유제품 의복제외,93.8
2021.03,의복의복악세서리및모피제품,45.9
2021.03,가죽가방및신발,87.5
2021.03,목재및나무제품 가구제외,75.6
2021.03,펄프종이및종이제품,105.6
2021.03,인쇄및기록매체복제업,88.4
2021.03,화학물질및화학제품 의약품제외,90.8
2021.03,의료용물질및의약품,91.2
2021.03,고무제품및플라스틱제품,80.7
2021.03,비금속광물제품,99.5
2021.03,1차금속,91.8
2021.03,금속가공제품 기계및가구제외,114.9
2021.03,전자부품컴퓨터영상음향및통신장비,97.7
2021.03,의료정밀광학기기및시계,83.2
2021.03,전기장비,81.1
2021.03,기타기계및장비,78.8
2021.03,자동차및트레일러,104.5
2021.03,기타운송장비,81.5
2021.03,가구,100
2021.03,기타제품,71.9
2021.03,비제조업,73.9
2021.03,건설업,96.1
2021.03,도매 및 소매업,98.7
2021.03,운수업,92.3
2021.03,숙박 및 음식점업,-
2021.03,출판영상방송통신 및 정보서비스업,96.8
2021.03,부동산업 및 임대업,100
2021.03,전문과학 및 기술서비스업,79.2
2021.03,사업시설관리 및 사업지원서비스업,100
2021.03,교육서비스업,-
2021.03,예술스포츠 및 여가관련서비스업,-
2021.03,수리 및 기타개인서비스업,45.6
2021.04,전산업,85.5
2021.04,식료품,85.8
2021.04,음료,92.7
2021.04,섬유제품 의복제외,95.3
2021.04,의복의복악세서리및모피제품,77.3
2021.04,가죽가방및신발,100
2021.04,목재및나무제품 가구제외,78.5
2021.04,펄프종이및종이제품,97.7
2021.04,인쇄및기록매체복제업,51.5
2021.04,화학물질및화학제품 의약품제외,91.1
2021.04,의료용물질및의약품,91.5
2021.04,고무제품및플라스틱제품,88.2
2021.04,비금속광물제품,81.2
2021.04,1차금속,100.5
2021.04,금속가공제품 기계및가구제외,95.1
2021.04,전자부품컴퓨터영상음향및통신장비,91.9
2021.04,의료정밀광학기기및시계,91.9
2021.04,전기장비,75
2021.04,기타기계및장비,93.1
2021.04,자동차및트레일러,98.7
2021.04,기타운송장비,81.8
2021.04,가구,66.7
2021.04,기타제품,70.3
2021.04,비제조업,64.8
2021.04,건설업,78.9
2021.04,도매 및 소매업,76.7
2021.04,운수업,107.3
2021.04,숙박 및 음식점업,0
2021.04,출판영상방송통신 및 정보서비스업,95.6
2021.04,부동산업 및 임대업,56.2
2021.04,전문과학 및 기술서비스업,69.2
2021.04,사업시설관리 및 사업지원서비스업,89.3
2021.04,교육서비스업,83.2
2021.04,예술스포츠 및 여가관련서비스업,75
2021.04,수리 및 기타개인서비스업,91.8
2021.05,전산업,86.7
2021.05,식료품,93.1
2021.05,음료,91.8
2021.05,섬유제품 의복제외,92.6
2021.05,의복의복악세서리및모피제품,94.7
2021.05,가죽가방및신발,73.9
2021.05,목재및나무제품 가구제외,72.5
2021.05,펄프종이및종이제품,89.2
2021.05,인쇄및기록매체복제업,92.6
2021.05,화학물질및화학제품 의약품제외,95.1
2021.05,의료용물질및의약품,105.5
2021.05,고무제품및플라스틱제품,79.9
2021.05,비금속광물제품,102.6
2021.05,1차금속,95.6
2021.05,금속가공제품 기계및가구제외,86.8
2021.05,전자부품컴퓨터영상음향및통신장비,87.2
2021.05,의료정밀광학기기및시계,97.6
2021.05,전기장비,75.5
2021.05,기타기계및장비,82.8
2021.05,자동차및트레일러,88.2
2021.05,기타운송장비,85.8
2021.05,가구,125
2021.05,기타제품,71.2
2021.05,비제조업,70.7
2021.05,건설업,87.7
2021.05,도매 및 소매업,90
2021.05,운수업,65.9
2021.05,숙박 및 음식점업,94.7
2021.05,출판영상방송통신 및 정보서비스업,87.1
2021.05,부동산업 및 임대업,70.1
2021.05,전문과학 및 기술서비스업,80.6
2021.05,사업시설관리 및 사업지원서비스업,88.2
2021.05,교육서비스업,83.3
2021.05,예술스포츠 및 여가관련서비스업,96.8
2021.05,수리 및 기타개인서비스업,107.8
2021.06,전산업,80.2
2021.06,식료품,90.8
2021.06,음료,97.9
2021.06,섬유제품 의복제외,79.2
2021.06,의복의복악세서리및모피제품,90.1
2021.06,가죽가방및신발,77.3
2021.06,목재및나무제품 가구제외,84.3
2021.06,펄프종이및종이제품,87
2021.06,인쇄및기록매체복제업,70.3
2021.06,화학물질및화학제품 의약품제외,84.8
2021.06,의료용물질및의약품,83.8
2021.06,고무제품및플라스틱제품,74.5
2021.06,비금속광물제품,82.3
2021.06,1차금속,93.1
2021.06,금속가공제품 기계및가구제외,95.8
2021.06,전자부품컴퓨터영상음향및통신장비,76.9
2021.06,의료정밀광학기기및시계,93.5
2021.06,전기장비,79.4
2021.06,기타기계및장비,86.7
2021.06,자동차및트레일러,101.7
2021.06,기타운송장비,93.1
2021.06,가구,73.6
2021.06,기타제품,87.4
2021.06,비제조업,68.3
2021.06,건설업,67.9
2021.06,도매 및 소매업,65.4
2021.06,운수업,92.8
2021.06,숙박 및 음식점업,0
2021.06,출판영상방송통신 및 정보서비스업,88.8
2021.06,부동산업 및 임대업,70
2021.06,전문과학 및 기술서비스업,74.8
2021.06,사업시설관리 및 사업지원서비스업,77.9
2021.06,교육서비스업,100
2021.06,예술스포츠 및 여가관련서비스업,93.7
2021.06,수리 및 기타개인서비스업,87.2
2021.07,전산업,81.4
2021.07,식료품,86.1
2021.07,음료,88.1
2021.07,섬유제품 의복제외,81.2
2021.07,의복의복악세서리및모피제품,70.4
2021.07,가죽가방및신발,59.7
2021.07,목재및나무제품 가구제외,76.2
2021.07,펄프종이및종이제품,100
2021.07,인쇄및기록매체복제업,63
2021.07,화학물질및화학제품 의약품제외,86.3
2021.07,의료용물질및의약품,88.2
2021.07,고무제품및플라스틱제품,71.9
2021.07,비금속광물제품,85.6
2021.07,1차금속,107
2021.07,금속가공제품 기계및가구제외,96
2021.07,전자부품컴퓨터영상음향및통신장비,82.6
2021.07,의료정밀광학기기및시계,91.5
2021.07,전기장비,74
2021.07,기타기계및장비,85.6
2021.07,자동차및트레일러,95.6
2021.07,기타운송장비,94.6
2021.07,가구,56.2
2021.07,기타제품,69.8
2021.07,비제조업,63.4
2021.07,건설업,74.5
2021.07,도매 및 소매업,70.1
2021.07,운수업,88.4
2021.07,숙박 및 음식점업,51.6
2021.07,출판영상방송통신 및 정보서비스업,93.5
2021.07,부동산업 및 임대업,87.8
2021.07,전문과학 및 기술서비스업,108.5
2021.07,사업시설관리 및 사업지원서비스업,83.3
2021.07,교육서비스업,125
2021.07,예술스포츠 및 여가관련서비스업,90.9
2021.07,수리 및 기타개인서비스업,90.3
2021.08,전산업,76.5
2021.08,식료품,89.5
2021.08,음료,94.9
2021.08,섬유제품 의복제외,77.4
2021.08,의복의복악세서리및모피제품,87.6
2021.08,가죽가방및신발,83.8
2021.08,목재및나무제품 가구제외,82.8
2021.08,펄프종이및종이제품,99.7
2021.08,인쇄및기록매체복제업,85
2021.08,화학물질및화학제품 의약품제외,89.6
2021.08,의료용물질및의약품,89.3
2021.08,고무제품및플라스틱제품,71.6
2021.08,비금속광물제품,87.4
2021.08,1차금속,82.1
2021.08,금속가공제품 기계및가구제외,95.7
2021.08,전자부품컴퓨터영상음향및통신장비,86.1
2021.08,의료정밀광학기기및시계,76.8
2021.08,전기장비,70.6
2021.08,기타기계및장비,75.9
2021.08,자동차및트레일러,75.9
2021.08,기타운송장비,87
2021.08,가구,56.7
2021.08,기타제품,73
2021.08,비제조업,85.5
2021.08,건설업,63.6
2021.08,도매 및 소매업,61.5
2021.08,운수업,90.2
2021.08,숙박 및 음식점업,16.5
2021.08,출판영상방송통신 및 정보서비스업,99.4
2021.08,부동산업 및 임대업,39.5
2021.08,전문과학 및 기술서비스업,84.7
2021.08,사업시설관리 및 사업지원서비스업,76.4
2021.08,교육서비스업,74.3
2021.08,예술스포츠 및 여가관련서비스업,84.3
2021.08,수리 및 기타개인서비스업,67.5
2021.09,전산업,78.9
2021.09,식료품,95.8
2021.09,음료,92.4
2021.09,섬유제품 의복제외,71.5
2021.09,의복의복악세서리및모피제품,88.3
2021.09,가죽가방및신발,48.5
2021.09,목재및나무제품 가구제외,71.7
2021.09,펄프종이및종이제품,90.2
2021.09,인쇄및기록매체복제업,55.7
2021.09,화학물질및화학제품 의약품제외,83.3
2021.09,의료용물질및의약품,77.6
2021.09,고무제품및플라스틱제품,82.3
2021.09,비금속광물제품,86.2
2021.09,1차금속,85.9
2021.09,금속가공제품 기계및가구제외,97.4
2021.09,전자부품컴퓨터영상음향및통신장비,79.9
2021.09,의료정밀광학기기및시계,89.3
2021.09,전기장비,73.7
2021.09,기타기계및장비,84.8
2021.09,자동차및트레일러,82.1
2021.09,기타운송장비,89.2
2021.09,가구,79.9
2021.09,기타제품,71.6
2021.09,비제조업,68.4
2021.09,건설업,68.7
2021.09,도매 및 소매업,62.6
2021.09,운수업,99.3
2021.09,숙박 및 음식점업,64.5
2021.09,출판영상방송통신 및 정보서비스업,97.9
2021.09,부동산업 및 임대업,85.5
2021.09,전문과학 및 기술서비스업,75.3
2021.09,사업시설관리 및 사업지원서비스업,93.1
2021.09,교육서비스업,33.5
2021.09,예술스포츠 및 여가관련서비스업,50
2021.09,수리 및 기타개인서비스업,68.8
2021.1,전산업,90.3
2021.1,식료품,84.8
2021.1,음료,100
2021.1,섬유제품 의복제외,81.5
2021.1,의복의복악세서리및모피제품,85.8
2021.1,가죽가방및신발,62.1
2021.1,목재및나무제품 가구제외,74
2021.1,펄프종이및종이제품,100
2021.1,인쇄및기록매체복제업,77.6
2021.1,화학물질및화학제품 의약품제외,83.1
2021.1,의료용물질및의약품,109
2021.1,고무제품및플라스틱제품,86.1
2021.1,비금속광물제품,91.4
2021.1,1차금속,90.6
2021.1,금속가공제품 기계및가구제외,111.4
2021.1,전자부품컴퓨터영상음향및통신장비,94.7
2021.1,의료정밀광학기기및시계,87.2
2021.1,전기장비,76.1
2021.1,기타기계및장비,89.8
2021.1,자동차및트레일러,87.4
2021.1,기타운송장비,103
2021.1,가구,100
2021.1,기타제품,96.8
2021.1,비제조업,108.2
2021.1,건설업,89.3
2021.1,도매 및 소매업,91.5
2021.1,운수업,89.5
2021.1,숙박 및 음식점업,100
2021.1,출판영상방송통신 및 정보서비스업,77.5
2021.1,부동산업 및 임대업,45.9
2021.1,전문과학 및 기술서비스업,80.3
2021.1,사업시설관리 및 사업지원서비스업,86
2021.1,교육서비스업,-
2021.1,예술스포츠 및 여가관련서비스업,88
2021.1,수리 및 기타개인서비스업,111.1
2021.11,전산업,91.5
2021.11,식료품,109.6
2021.11,음료,98.9
2021.11,섬유제품 의복제외,84.5
2021.11,의복의복악세서리및모피제품,94.9
2021.11,가죽가방및신발,72.5
2021.11,목재및나무제품 가구제외,100
2021.11,펄프종이및종이제품,85.9
2021.11,인쇄및기록매체복제업,59
2021.11,화학물질및화학제품 의약품제외,98.7
2021.11,의료용물질및의약품,109.9
2021.11,고무제품및플라스틱제품,95
2021.11,비금속광물제품,112.3
2021.11,1차금속,84.4
2021.11,금속가공제품 기계및가구제외,115.1
2021.11,전자부품컴퓨터영상음향및통신장비,90.4
2021.11,의료정밀광학기기및시계,91.7
2021.11,전기장비,62.7
2021.11,기타기계및장비,85.9
2021.11,자동차및트레일러,96.4
2021.11,기타운송장비,102.1
2021.11,가구,150
2021.11,기타제품,78.6
2021.11,비제조업,113
2021.11,건설업,85.2
2021.11,도매 및 소매업,83.9
2021.11,운수업,83.3
2021.11,숙박 및 음식점업,-
2021.11,출판영상방송통신 및 정보서비스업,101.4
2021.11,부동산업 및 임대업,-
2021.11,전문과학 및 기술서비스업,80.7
2021.11,사업시설관리 및 사업지원서비스업,100
2021.11,교육서비스업,-
2021.11,예술스포츠 및 여가관련서비스업,-
2021.11,수리 및 기타개인서비스업,100
2021.12,전산업,90.5
2021.12,식료품,104.9
2021.12,음료,106.4
2021.12,섬유제품 의복제외,80
2021.12,의복의복악세서리및모피제품,72.7
2021.12,가죽가방및신발,56.6
2021.12,목재및나무제품 가구제외,100
2021.12,펄프종이및종이제품,123.5
2021.12,인쇄및기록매체복제업,93.4
2021.12,화학물질및화학제품 의약품제외,89.6
2021.12,의료용물질및의약품,100
2021.12,고무제품및플라스틱제품,74.2
2021.12,비금속광물제품,100
2021.12,1차금속,84.9
2021.12,금속가공제품 기계및가구제외,107.1
2021.12,전자부품컴퓨터영상음향및통신장비,85.2
2021.12,의료정밀광학기기및시계,94
2021.12,전기장비,74.9
2021.12,기타기계및장비,95.2
2021.12,자동차및트레일러,93.8
2021.12,기타운송장비,97.1
2021.12,가구,-
2021.12,기타제품,79.4
2021.12,비제조업,100
2021.12,건설업,88.2
2021.12,도매 및 소매업,84.9
2021.12,운수업,88.2
2021.12,숙박 및 음식점업,150
2021.12,출판영상방송통신 및 정보서비스업,91.3
2021.12,부동산업 및 임대업,100
2021.12,전문과학 및 기술서비스업,102.8
2021.12,사업시설관리 및 사업지원서비스업,100
2021.12,교육서비스업,-
2021.12,예술스포츠 및 여가관련서비스업,-
2021.12,수리 및 기타개인서비스업,100
2022.01,전산업,90.3
2022.01,식료품,95.6
2022.01,음료,103.2
2022.01,섬유제품 의복제외,83.5
2022.01,의복의복악세서리및모피제품,89.3
2022.01,가죽가방및신발,76
2022.01,목재및나무제품 가구제외,88.3
2022.01,펄프종이및종이제품,84.4
2022.01,인쇄및기록매체복제업,52.3
2022.01,화학물질및화학제품 의약품제외,89.8
2022.01,의료용물질및의약품,100.7
2022.01,고무제품및플라스틱제품,84.4
2022.01,비금속광물제품,100
2022.01,1차금속,102.5
2022.01,금속가공제품 기계및가구제외,96.4
2022.01,전자부품컴퓨터영상음향및통신장비,97.4
2022.01,의료정밀광학기기및시계,80.8
2022.01,전기장비,84.9
2022.01,기타기계및장비,92
2022.01,자동차및트레일러,83.6
2022.01,기타운송장비,90.7
2022.01,가구,125.9
2022.01,기타제품,81.4
2022.01,비제조업,78.2
2022.01,건설업,92.5
2022.01,도매 및 소매업,95.7
2022.01,운수업,79.3
2022.01,숙박 및 음식점업,94.8
2022.01,출판영상방송통신 및 정보서비스업,71.4
2022.01,부동산업 및 임대업,50
2022.01,전문과학 및 기술서비스업,89.9
2022.01,사업시설관리 및 사업지원서비스업,83.9
2022.01,교육서비스업,-
2022.01,예술스포츠 및 여가관련서비스업,-
2022.01,수리 및 기타개인서비스업,100
2022.02,전산업,91.5
2022.02,식료품,94.2
2022.02,음료,65.9
2022.02,섬유제품 의복제외,82.2
2022.02,의복의복악세서리및모피제품,89.9
2022.02,가죽가방및신발,53.7
2022.02,목재및나무제품 가구제외,100
2022.02,펄프종이및종이제품,71.4
2022.02,인쇄및기록매체복제업,72.5
2022.02,화학물질및화학제품 의약품제외,76.1
2022.02,의료용물질및의약품,87.3
2022.02,고무제품및플라스틱제품,79.7
2022.02,비금속광물제품,86.9
2022.02,1차금속,92.1
2022.02,금속가공제품 기계및가구제외,98.3
2022.02,전자부품컴퓨터영상음향및통신장비,90.8
2022.02,의료정밀광학기기및시계,78.4
2022.02,전기장비,97.7
2022.02,기타기계및장비,80
2022.02,자동차및트레일러,93.6
2022.02,기타운송장비,100
2022.02,가구,50
2022.02,기타제품,86
2022.02,비제조업,0
2022.02,건설업,109.3
2022.02,도매 및 소매업,112.4
2022.02,운수업,92.6
2022.02,숙박 및 음식점업,-
2022.02,출판영상방송통신 및 정보서비스업,99.3
2022.02,부동산업 및 임대업,83.8
2022.02,전문과학 및 기술서비스업,68.5
2022.02,사업시설관리 및 사업지원서비스업,100
2022.02,교육서비스업,-
2022.02,예술스포츠 및 여가관련서비스업,-
2022.02,수리 및 기타개인서비스업,83.1
2022.03,전산업,89.2
2022.03,식료품,83.9
2022.03,음료,100.7
2022.03,섬유제품 의복제외,82.5
2022.03,의복의복악세서리및모피제품,67.7
2022.03,가죽가방및신발,84.8
2022.03,목재및나무제품 가구제외,25
2022.03,펄프종이및종이제품,73.8
2022.03,인쇄및기록매체복제업,84.9
2022.03,화학물질및화학제품 의약품제외,92.7
2022.03,의료용물질및의약품,105.9
2022.03,고무제품및플라스틱제품,81.7
2022.03,비금속광물제품,120
2022.03,1차금속,87.2
2022.03,금속가공제품 기계및가구제외,106.2
2022.03,전자부품컴퓨터영상음향및통신장비,91.9
2022.03,의료정밀광학기기및시계,91.3
2022.03,전기장비,103.6
2022.03,기타기계및장비,91.9
2022.03,자동차및트레일러,92.9
2022.03,기타운송장비,92.7
2022.03,가구,50
2022.03,기타제품,78.4
2022.03,비제조업,84.5
2022.03,건설업,79.4
2022.03,도매 및 소매업,77.5
2022.03,운수업,75
2022.03,숙박 및 음식점업,50
2022.03,출판영상방송통신 및 정보서비스업,101.1
2022.03,부동산업 및 임대업,93
2022.03,전문과학 및 기술서비스업,102.3
2022.03,사업시설관리 및 사업지원서비스업,92.6
2022.03,교육서비스업,-
2022.03,예술스포츠 및 여가관련서비스업,100
2022.03,수리 및 기타개인서비스업,100
2022.04,전산업,91.9
2022.04,식료품,77.4
2022.04,음료,104.4
2022.04,섬유제품 의복제외,86.6
2022.04,의복의복악세서리및모피제품,85.8
2022.04,가죽가방및신발,81.4
2022.04,목재및나무제품 가구제외,75
2022.04,펄프종이및종이제품,80
2022.04,인쇄및기록매체복제업,89.5
2022.04,화학물질및화학제품 의약품제외,80.5
2022.04,의료용물질및의약품,85.6
2022.04,고무제품및플라스틱제품,77.4
2022.04,비금속광물제품,113.2
2022.04,1차금속,98
2022.04,금속가공제품 기계및가구제외,108.2
2022.04,전자부품컴퓨터영상음향및통신장비,87.9
2022.04,의료정밀광학기기및시계,88.2
2022.04,전기장비,84.9
2022.04,기타기계및장비,97.1
2022.04,자동차및트레일러,93.9
2022.04,기타운송장비,91.9
2022.04,가구,50
2022.04,기타제품,92.3
2022.04,비제조업,50
2022.04,건설업,95
2022.04,도매 및 소매업,95.1
2022.04,운수업,99.9
2022.04,숙박 및 음식점업,-
2022.04,출판영상방송통신 및 정보서비스업,86.2
2022.04,부동산업 및 임대업,100
2022.04,전문과학 및 기술서비스업,95.9
2022.04,사업시설관리 및 사업지원서비스업,100
2022.04,교육서비스업,-
2022.04,예술스포츠 및 여가관련서비스업,-
2022.04,수리 및 기타개인서비스업,100
