시점,구분별,영업이익실적SBHI
2015.02,전산업,74.1
2015.02,식료품,74.2
2015.02,음료,97.6
2015.02,섬유제품;의복제외,59.7
2015.02,"의복,의복악세서리및모피제품",50.8
2015.02,"가죽,가방및신발",73.6
2015.02,목재및나무제품;가구제외,68.6
2015.02,"펄프,종이및종이제품",72.3
2015.02,인쇄및기록매체복제업,80.5
2015.02,화학물질및화학제품;의약품제외,82.1
2015.02,의료용물질및의약품,100.2
2015.02,고무제품및플라스틱제품,69.4
2015.02,비금속광물제품,72.8
2015.02,1차금속,59.3
2015.02,금속가공제품;기계및가구제외,69.4
2015.02,"전자부품,컴퓨터,영상,음향및통신장비",82.8
2015.02,"의료,정밀,광학기기및시계",76.2
2015.02,전기장비,71.6
2015.02,기타기계및장비,71
2015.02,자동차및트레일러,71.3
2015.02,기타운송장비,74
2015.02,가구,68.8
2015.02,기타제품,69.9
2015.02,비제조업,75.7
2015.02,건설업,66.1
2015.02,도매 및 소매업,76.9
2015.02,운수업,80.7
2015.02,숙박 및 음식점업,76.4
2015.02,"출판,영상,방송통신 및 정보서비스업",83.6
2015.02,부동산업 및 임대업,89.8
2015.02,"전문,과학 및 기술서비스업",85.4
2015.02,사업시설관리 및 사업지원서비스업,81.3
2015.02,교육서비스업,83.5
2015.02,"예술,스포츠 및 여가관련서비스업",79.3
2015.02,수리 및 기타개인서비스업,78.2
2015.03,전산업,78.7
2015.03,식료품,81
2015.03,음료,98.9
2015.03,섬유제품;의복제외,68.7
2015.03,"의복,의복악세서리및모피제품",66.8
2015.03,"가죽,가방및신발",84
2015.03,목재및나무제품;가구제외,77.6
2015.03,"펄프,종이및종이제품",74.9
2015.03,인쇄및기록매체복제업,79.4
2015.03,화학물질및화학제품;의약품제외,85.9
2015.03,의료용물질및의약품,100.3
2015.03,고무제품및플라스틱제품,78.5
2015.03,비금속광물제품,91.5
2015.03,1차금속,71.5
2015.03,금속가공제품;기계및가구제외,85
2015.03,"전자부품,컴퓨터,영상,음향및통신장비",87.4
2015.03,"의료,정밀,광학기기및시계",80.5
2015.03,전기장비,82.6
2015.03,기타기계및장비,73.6
2015.03,자동차및트레일러,83.2
2015.03,기타운송장비,88.2
2015.03,가구,78.3
2015.03,기타제품,81.3
2015.03,비제조업,77.7
2015.03,건설업,70
2015.03,도매 및 소매업,76.3
2015.03,운수업,87.9
2015.03,숙박 및 음식점업,85.6
2015.03,"출판,영상,방송통신 및 정보서비스업",88.7
2015.03,부동산업 및 임대업,98.9
2015.03,"전문,과학 및 기술서비스업",87.7
2015.03,사업시설관리 및 사업지원서비스업,88.4
2015.03,교육서비스업,78.1
2015.03,"예술,스포츠 및 여가관련서비스업",95.3
2015.03,수리 및 기타개인서비스업,75.4
2015.04,전산업,80.4
2015.04,식료품,80.7
2015.04,음료,108
2015.04,섬유제품;의복제외,74.1
2015.04,"의복,의복악세서리및모피제품",76.2
2015.04,"가죽,가방및신발",92.3
2015.04,목재및나무제품;가구제외,75.6
2015.04,"펄프,종이및종이제품",74.7
2015.04,인쇄및기록매체복제업,71.1
2015.04,화학물질및화학제품;의약품제외,90.6
2015.04,의료용물질및의약품,113.2
2015.04,고무제품및플라스틱제품,84.8
2015.04,비금속광물제품,84.1
2015.04,1차금속,74
2015.04,금속가공제품;기계및가구제외,81.6
2015.04,"전자부품,컴퓨터,영상,음향및통신장비",87
2015.04,"의료,정밀,광학기기및시계",78.7
2015.04,전기장비,84.1
2015.04,기타기계및장비,83.2
2015.04,자동차및트레일러,89.1
2015.04,기타운송장비,85.4
2015.04,가구,73
2015.04,기타제품,75.2
2015.04,비제조업,78.8
2015.04,건설업,73.2
2015.04,도매 및 소매업,77.4
2015.04,운수업,84.7
2015.04,숙박 및 음식점업,91.6
2015.04,"출판,영상,방송통신 및 정보서비스업",88.1
2015.04,부동산업 및 임대업,85.1
2015.04,"전문,과학 및 기술서비스업",86
2015.04,사업시설관리 및 사업지원서비스업,80.8
2015.04,교육서비스업,90.5
2015.04,"예술,스포츠 및 여가관련서비스업",91.8
2015.04,수리 및 기타개인서비스업,83.3
2015.05,전산업,82.8
2015.05,식료품,86.6
2015.05,음료,112
2015.05,섬유제품;의복제외,77.4
2015.05,"의복,의복악세서리및모피제품",74.6
2015.05,"가죽,가방및신발",81.1
2015.05,목재및나무제품;가구제외,68
2015.05,"펄프,종이및종이제품",73
2015.05,인쇄및기록매체복제업,70.8
2015.05,화학물질및화학제품;의약품제외,86.1
2015.05,의료용물질및의약품,97.4
2015.05,고무제품및플라스틱제품,88.8
2015.05,비금속광물제품,84.2
2015.05,1차금속,71
2015.05,금속가공제품;기계및가구제외,82.2
2015.05,"전자부품,컴퓨터,영상,음향및통신장비",75.9
2015.05,"의료,정밀,광학기기및시계",81.6
2015.05,전기장비,82.2
2015.05,기타기계및장비,78.4
2015.05,자동차및트레일러,85.7
2015.05,기타운송장비,86.2
2015.05,가구,65.1
2015.05,기타제품,81.4
2015.05,비제조업,83.8
2015.05,건설업,76.4
2015.05,도매 및 소매업,84.1
2015.05,운수업,88.8
2015.05,숙박 및 음식점업,101
2015.05,"출판,영상,방송통신 및 정보서비스업",83.1
2015.05,부동산업 및 임대업,99.1
2015.05,"전문,과학 및 기술서비스업",87.4
2015.05,사업시설관리 및 사업지원서비스업,87
2015.05,교육서비스업,92.7
2015.05,"예술,스포츠 및 여가관련서비스업",90.3
2015.05,수리 및 기타개인서비스업,86.9
2015.06,전산업,74.8
2015.06,식료품,72.5
2015.06,음료,77.1
2015.06,섬유제품;의복제외,69.8
2015.06,"의복,의복악세서리및모피제품",64.5
2015.06,"가죽,가방및신발",74.1
2015.06,목재및나무제품;가구제외,70.9
2015.06,"펄프,종이및종이제품",71
2015.06,인쇄및기록매체복제업,55.2
2015.06,화학물질및화학제품;의약품제외,76.8
2015.06,의료용물질및의약품,90.1
2015.06,고무제품및플라스틱제품,75.7
2015.06,비금속광물제품,79.3
2015.06,1차금속,74.3
2015.06,금속가공제품;기계및가구제외,78.5
2015.06,"전자부품,컴퓨터,영상,음향및통신장비",83.7
2015.06,"의료,정밀,광학기기및시계",84.1
2015.06,전기장비,84.7
2015.06,기타기계및장비,72.8
2015.06,자동차및트레일러,80.6
2015.06,기타운송장비,75.1
2015.06,가구,61.1
2015.06,기타제품,77.6
2015.06,비제조업,73.8
2015.06,건설업,79.3
2015.06,도매 및 소매업,70.9
2015.06,운수업,75.1
2015.06,숙박 및 음식점업,59.2
2015.06,"출판,영상,방송통신 및 정보서비스업",80.7
2015.06,부동산업 및 임대업,87.3
2015.06,"전문,과학 및 기술서비스업",81.7
2015.06,사업시설관리 및 사업지원서비스업,80.5
2015.06,교육서비스업,57.7
2015.06,"예술,스포츠 및 여가관련서비스업",70.7
2015.06,수리 및 기타개인서비스업,68.8
2015.07,전산업,75
2015.07,식료품,78.7
2015.07,음료,105.4
2015.07,섬유제품;의복제외,64.7
2015.07,"의복,의복악세서리및모피제품",66.6
2015.07,"가죽,가방및신발",72.8
2015.07,목재및나무제품;가구제외,69.8
2015.07,"펄프,종이및종이제품",70.9
2015.07,인쇄및기록매체복제업,62.9
2015.07,화학물질및화학제품;의약품제외,77.6
2015.07,의료용물질및의약품,85.5
2015.07,고무제품및플라스틱제품,71.7
2015.07,비금속광물제품,78.7
2015.07,1차금속,71.6
2015.07,금속가공제품;기계및가구제외,75.8
2015.07,"전자부품,컴퓨터,영상,음향및통신장비",83.9
2015.07,"의료,정밀,광학기기및시계",75.2
2015.07,전기장비,78.8
2015.07,기타기계및장비,78.8
2015.07,자동차및트레일러,81.7
2015.07,기타운송장비,79.2
2015.07,가구,59.5
2015.07,기타제품,79.4
2015.07,비제조업,74.3
2015.07,건설업,78.4
2015.07,도매 및 소매업,72.1
2015.07,운수업,76.8
2015.07,숙박 및 음식점업,67.9
2015.07,"출판,영상,방송통신 및 정보서비스업",81
2015.07,부동산업 및 임대업,79
2015.07,"전문,과학 및 기술서비스업",84.7
2015.07,사업시설관리 및 사업지원서비스업,80.9
2015.07,교육서비스업,77.7
2015.07,"예술,스포츠 및 여가관련서비스업",80.7
2015.07,수리 및 기타개인서비스업,76.3
2015.08,전산업,76.8
2015.08,식료품,84.6
2015.08,음료,97.7
2015.08,섬유제품;의복제외,71.6
2015.08,"의복,의복악세서리및모피제품",63.1
2015.08,"가죽,가방및신발",74.3
2015.08,목재및나무제품;가구제외,64.9
2015.08,"펄프,종이및종이제품",70.2
2015.08,인쇄및기록매체복제업,59.4
2015.08,화학물질및화학제품;의약품제외,74.9
2015.08,의료용물질및의약품,84.8
2015.08,고무제품및플라스틱제품,69.6
2015.08,비금속광물제품,80.1
2015.08,1차금속,66.2
2015.08,금속가공제품;기계및가구제외,80
2015.08,"전자부품,컴퓨터,영상,음향및통신장비",80.6
2015.08,"의료,정밀,광학기기및시계",74.4
2015.08,전기장비,69.8
2015.08,기타기계및장비,78.6
2015.08,자동차및트레일러,72.3
2015.08,기타운송장비,73.8
2015.08,가구,63.8
2015.08,기타제품,59.5
2015.08,비제조업,77.6
2015.08,건설업,75.2
2015.08,도매 및 소매업,77.5
2015.08,운수업,75.2
2015.08,숙박 및 음식점업,81.9
2015.08,"출판,영상,방송통신 및 정보서비스업",83
2015.08,부동산업 및 임대업,81.2
2015.08,"전문,과학 및 기술서비스업",82.4
2015.08,사업시설관리 및 사업지원서비스업,79.6
2015.08,교육서비스업,79.9
2015.08,"예술,스포츠 및 여가관련서비스업",78.9
2015.08,수리 및 기타개인서비스업,76
2015.09,전산업,80.7
2015.09,식료품,95
2015.09,음료,107.1
2015.09,섬유제품;의복제외,79.4
2015.09,"의복,의복악세서리및모피제품",72.6
2015.09,"가죽,가방및신발",76
2015.09,목재및나무제품;가구제외,72
2015.09,"펄프,종이및종이제품",81.3
2015.09,인쇄및기록매체복제업,73.2
2015.09,화학물질및화학제품;의약품제외,75.3
2015.09,의료용물질및의약품,89.5
2015.09,고무제품및플라스틱제품,78.4
2015.09,비금속광물제품,81.9
2015.09,1차금속,82.5
2015.09,금속가공제품;기계및가구제외,79.2
2015.09,"전자부품,컴퓨터,영상,음향및통신장비",85.8
2015.09,"의료,정밀,광학기기및시계",82.1
2015.09,전기장비,80.5
2015.09,기타기계및장비,72.5
2015.09,자동차및트레일러,81.4
2015.09,기타운송장비,84
2015.09,가구,66.8
2015.09,기타제품,63.6
2015.09,비제조업,81
2015.09,건설업,78.4
2015.09,도매 및 소매업,80.3
2015.09,운수업,84.7
2015.09,숙박 및 음식점업,79.5
2015.09,"출판,영상,방송통신 및 정보서비스업",88
2015.09,부동산업 및 임대업,94.7
2015.09,"전문,과학 및 기술서비스업",89.2
2015.09,사업시설관리 및 사업지원서비스업,87.7
2015.09,교육서비스업,83.9
2015.09,"예술,스포츠 및 여가관련서비스업",83.4
2015.09,수리 및 기타개인서비스업,77.5
2015.1,전산업,83.3
2015.1,식료품,90.1
2015.1,음료,98.7
2015.1,섬유제품;의복제외,82.1
2015.1,"의복,의복악세서리및모피제품",68.9
2015.1,"가죽,가방및신발",72.9
2015.1,목재및나무제품;가구제외,79.4
2015.1,"펄프,종이및종이제품",77.9
2015.1,인쇄및기록매체복제업,77.8
2015.1,화학물질및화학제품;의약품제외,90.4
2015.1,의료용물질및의약품,96.6
2015.1,고무제품및플라스틱제품,83.7
2015.1,비금속광물제품,81.3
2015.1,1차금속,81.1
2015.1,금속가공제품;기계및가구제외,79.5
2015.1,"전자부품,컴퓨터,영상,음향및통신장비",89.3
2015.1,"의료,정밀,광학기기및시계",82.6
2015.1,전기장비,81.4
2015.1,기타기계및장비,75.1
2015.1,자동차및트레일러,78.3
2015.1,기타운송장비,82.6
2015.1,가구,65.7
2015.1,기타제품,81.7
2015.1,비제조업,84
2015.1,건설업,79.9
2015.1,도매 및 소매업,84.3
2015.1,운수업,87.5
2015.1,숙박 및 음식점업,88
2015.1,"출판,영상,방송통신 및 정보서비스업",87.3
2015.1,부동산업 및 임대업,94.1
2015.1,"전문,과학 및 기술서비스업",85.1
2015.1,사업시설관리 및 사업지원서비스업,88.7
2015.1,교육서비스업,83.6
2015.1,"예술,스포츠 및 여가관련서비스업",82.9
2015.1,수리 및 기타개인서비스업,73.3
2015.11,전산업,80.2
2015.11,식료품,80.8
2015.11,음료,91.7
2015.11,섬유제품;의복제외,71.7
2015.11,"의복,의복악세서리및모피제품",71.6
2015.11,"가죽,가방및신발",72.9
2015.11,목재및나무제품;가구제외,70.8
2015.11,"펄프,종이및종이제품",81.9
2015.11,인쇄및기록매체복제업,86.3
2015.11,화학물질및화학제품;의약품제외,87.9
2015.11,의료용물질및의약품,94.3
2015.11,고무제품및플라스틱제품,82
2015.11,비금속광물제품,79.9
2015.11,1차금속,73.9
2015.11,금속가공제품;기계및가구제외,81.9
2015.11,"전자부품,컴퓨터,영상,음향및통신장비",79.8
2015.11,"의료,정밀,광학기기및시계",82.1
2015.11,전기장비,78.7
2015.11,기타기계및장비,73.6
2015.11,자동차및트레일러,85.4
2015.11,기타운송장비,76.9
2015.11,가구,65.3
2015.11,기타제품,81.8
2015.11,비제조업,80.5
2015.11,건설업,76.8
2015.11,도매 및 소매업,79.8
2015.11,운수업,86.2
2015.11,숙박 및 음식점업,88.6
2015.11,"출판,영상,방송통신 및 정보서비스업",88.9
2015.11,부동산업 및 임대업,86
2015.11,"전문,과학 및 기술서비스업",88
2015.11,사업시설관리 및 사업지원서비스업,81.9
2015.11,교육서비스업,81.6
2015.11,"예술,스포츠 및 여가관련서비스업",79.9
2015.11,수리 및 기타개인서비스업,80.9
2015.12,전산업,79.7
2015.12,식료품,84.2
2015.12,음료,89.6
2015.12,섬유제품;의복제외,73.3
2015.12,"의복,의복악세서리및모피제품",65.6
2015.12,"가죽,가방및신발",67.5
2015.12,목재및나무제품;가구제외,61.9
2015.12,"펄프,종이및종이제품",77.7
2015.12,인쇄및기록매체복제업,92.6
2015.12,화학물질및화학제품;의약품제외,81.5
2015.12,의료용물질및의약품,94.2
2015.12,고무제품및플라스틱제품,75.6
2015.12,비금속광물제품,75.8
2015.12,1차금속,77.7
2015.12,금속가공제품;기계및가구제외,73.9
2015.12,"전자부품,컴퓨터,영상,음향및통신장비",77.9
2015.12,"의료,정밀,광학기기및시계",72.3
2015.12,전기장비,71.2
2015.12,기타기계및장비,78.5
2015.12,자동차및트레일러,74.5
2015.12,기타운송장비,77.9
2015.12,가구,69.8
2015.12,기타제품,74
2015.12,비제조업,81
2015.12,건설업,72.7
2015.12,도매 및 소매업,81.4
2015.12,운수업,81.6
2015.12,숙박 및 음식점업,95.5
2015.12,"출판,영상,방송통신 및 정보서비스업",87
2015.12,부동산업 및 임대업,78
2015.12,"전문,과학 및 기술서비스업",91.3
2015.12,사업시설관리 및 사업지원서비스업,83.1
2015.12,교육서비스업,87.4
2015.12,"예술,스포츠 및 여가관련서비스업",82.9
2015.12,수리 및 기타개인서비스업,85.9
2016.01,전산업,74.8
2016.01,식료품,82.3
2016.01,음료,91.7
2016.01,섬유제품;의복제외,63.6
2016.01,"의복,의복악세서리및모피제품",70.2
2016.01,"가죽,가방및신발",62.5
2016.01,목재및나무제품;가구제외,64.2
2016.01,"펄프,종이및종이제품",81.3
2016.01,인쇄및기록매체복제업,76.2
2016.01,화학물질및화학제품;의약품제외,88.8
2016.01,의료용물질및의약품,92.3
2016.01,고무제품및플라스틱제품,71.7
2016.01,비금속광물제품,59.6
2016.01,1차금속,72.7
2016.01,금속가공제품;기계및가구제외,72.7
2016.01,"전자부품,컴퓨터,영상,음향및통신장비",84.3
2016.01,"의료,정밀,광학기기및시계",78.9
2016.01,전기장비,81
2016.01,기타기계및장비,73.3
2016.01,자동차및트레일러,79.1
2016.01,기타운송장비,83.9
2016.01,가구,72.8
2016.01,기타제품,67.8
2016.01,비제조업,74.2
2016.01,건설업,66.1
2016.01,도매 및 소매업,75
2016.01,운수업,79.5
2016.01,숙박 및 음식점업,78.3
2016.01,"출판,영상,방송통신 및 정보서비스업",84.1
2016.01,부동산업 및 임대업,71.7
2016.01,"전문,과학 및 기술서비스업",85.4
2016.01,사업시설관리 및 사업지원서비스업,73.1
2016.01,교육서비스업,81.9
2016.01,"예술,스포츠 및 여가관련서비스업",62.2
2016.01,수리 및 기타개인서비스업,71.5
2016.02,전산업,70.2
2016.02,식료품,80.5
2016.02,음료,78.5
2016.02,섬유제품;의복제외,60.5
2016.02,"의복,의복악세서리및모피제품",56.7
2016.02,"가죽,가방및신발",62
2016.02,목재및나무제품;가구제외,54.7
2016.02,"펄프,종이및종이제품",67.5
2016.02,인쇄및기록매체복제업,71.9
2016.02,화학물질및화학제품;의약품제외,69.2
2016.02,의료용물질및의약품,83.5
2016.02,고무제품및플라스틱제품,68.3
2016.02,비금속광물제품,60.6
2016.02,1차금속,66.7
2016.02,금속가공제품;기계및가구제외,66.3
2016.02,"전자부품,컴퓨터,영상,음향및통신장비",74.2
2016.02,"의료,정밀,광학기기및시계",62.3
2016.02,전기장비,73
2016.02,기타기계및장비,71.4
2016.02,자동차및트레일러,76.7
2016.02,기타운송장비,69
2016.02,가구,78.2
2016.02,기타제품,62.5
2016.02,비제조업,70.2
2016.02,건설업,64.1
2016.02,도매 및 소매업,71.1
2016.02,운수업,68.9
2016.02,숙박 및 음식점업,67.4
2016.02,"출판,영상,방송통신 및 정보서비스업",76
2016.02,부동산업 및 임대업,71.4
2016.02,"전문,과학 및 기술서비스업",80
2016.02,사업시설관리 및 사업지원서비스업,76.8
2016.02,교육서비스업,73.6
2016.02,"예술,스포츠 및 여가관련서비스업",76.4
2016.02,수리 및 기타개인서비스업,66
2016.03,전산업,83.1
2016.03,식료품,92.1
2016.03,음료,99.1
2016.03,섬유제품;의복제외,80.6
2016.03,"의복,의복악세서리및모피제품",66.7
2016.03,"가죽,가방및신발",92.4
2016.03,목재및나무제품;가구제외,78.8
2016.03,"펄프,종이및종이제품",84.7
2016.03,인쇄및기록매체복제업,80.7
2016.03,화학물질및화학제품;의약품제외,86.8
2016.03,의료용물질및의약품,91.2
2016.03,고무제품및플라스틱제품,78.5
2016.03,비금속광물제품,84.4
2016.03,1차금속,89.5
2016.03,금속가공제품;기계및가구제외,78.2
2016.03,"전자부품,컴퓨터,영상,음향및통신장비",77.7
2016.03,"의료,정밀,광학기기및시계",75.8
2016.03,전기장비,94.1
2016.03,기타기계및장비,76.5
2016.03,자동차및트레일러,81
2016.03,기타운송장비,81.5
2016.03,가구,93
2016.03,기타제품,68.3
2016.03,비제조업,83
2016.03,건설업,73.4
2016.03,도매 및 소매업,81.5
2016.03,운수업,87.7
2016.03,숙박 및 음식점업,74.6
2016.03,"출판,영상,방송통신 및 정보서비스업",94.4
2016.03,부동산업 및 임대업,85.9
2016.03,"전문,과학 및 기술서비스업",89
2016.03,사업시설관리 및 사업지원서비스업,84.9
2016.03,교육서비스업,97.2
2016.03,"예술,스포츠 및 여가관련서비스업",94.3
2016.03,수리 및 기타개인서비스업,78.6
2016.04,전산업,83.9
2016.04,식료품,92.8
2016.04,음료,103.4
2016.04,섬유제품;의복제외,80.6
2016.04,"의복,의복악세서리및모피제품",79.3
2016.04,"가죽,가방및신발",84.6
2016.04,목재및나무제품;가구제외,85
2016.04,"펄프,종이및종이제품",79
2016.04,인쇄및기록매체복제업,80.6
2016.04,화학물질및화학제품;의약품제외,88.9
2016.04,의료용물질및의약품,96.8
2016.04,고무제품및플라스틱제품,90.4
2016.04,비금속광물제품,90.3
2016.04,1차금속,89
2016.04,금속가공제품;기계및가구제외,84.6
2016.04,"전자부품,컴퓨터,영상,음향및통신장비",84.4
2016.04,"의료,정밀,광학기기및시계",80.4
2016.04,전기장비,93.4
2016.04,기타기계및장비,74.4
2016.04,자동차및트레일러,82.7
2016.04,기타운송장비,85.2
2016.04,가구,71.4
2016.04,기타제품,76.6
2016.04,비제조업,82.7
2016.04,건설업,77.6
2016.04,도매 및 소매업,80.4
2016.04,운수업,84.9
2016.04,숙박 및 음식점업,76.9
2016.04,"출판,영상,방송통신 및 정보서비스업",93.9
2016.04,부동산업 및 임대업,84.5
2016.04,"전문,과학 및 기술서비스업",85.4
2016.04,사업시설관리 및 사업지원서비스업,93.9
2016.04,교육서비스업,94.1
2016.04,"예술,스포츠 및 여가관련서비스업",91
2016.04,수리 및 기타개인서비스업,81.6
2016.05,전산업,84.1
2016.05,식료품,87.6
2016.05,음료,95.4
2016.05,섬유제품;의복제외,81.9
2016.05,"의복,의복악세서리및모피제품",92.5
2016.05,"가죽,가방및신발",82.5
2016.05,목재및나무제품;가구제외,86.2
2016.05,"펄프,종이및종이제품",76.6
2016.05,인쇄및기록매체복제업,72.4
2016.05,화학물질및화학제품;의약품제외,93.1
2016.05,의료용물질및의약품,93.9
2016.05,고무제품및플라스틱제품,84.5
2016.05,비금속광물제품,87.8
2016.05,1차금속,82.6
2016.05,금속가공제품;기계및가구제외,87.8
2016.05,"전자부품,컴퓨터,영상,음향및통신장비",83.2
2016.05,"의료,정밀,광학기기및시계",83.8
2016.05,전기장비,95.2
2016.05,기타기계및장비,79.8
2016.05,자동차및트레일러,80.5
2016.05,기타운송장비,79.3
2016.05,가구,60.4
2016.05,기타제품,82.2
2016.05,비제조업,83.4
2016.05,건설업,78.3
2016.05,도매 및 소매업,82.4
2016.05,운수업,87.5
2016.05,숙박 및 음식점업,89.5
2016.05,"출판,영상,방송통신 및 정보서비스업",95.9
2016.05,부동산업 및 임대업,78.8
2016.05,"전문,과학 및 기술서비스업",89.8
2016.05,사업시설관리 및 사업지원서비스업,87.8
2016.05,교육서비스업,72.5
2016.05,"예술,스포츠 및 여가관련서비스업",90
2016.05,수리 및 기타개인서비스업,79.1
2016.06,전산업,83
2016.06,식료품,86.1
2016.06,음료,111.2
2016.06,섬유제품;의복제외,79.7
2016.06,"의복,의복악세서리및모피제품",80.6
2016.06,"가죽,가방및신발",85.9
2016.06,목재및나무제품;가구제외,76.3
2016.06,"펄프,종이및종이제품",82.1
2016.06,인쇄및기록매체복제업,72.7
2016.06,화학물질및화학제품;의약품제외,89.9
2016.06,의료용물질및의약품,85.4
2016.06,고무제품및플라스틱제품,86.4
2016.06,비금속광물제품,88.5
2016.06,1차금속,81.7
2016.06,금속가공제품;기계및가구제외,83.3
2016.06,"전자부품,컴퓨터,영상,음향및통신장비",85.8
2016.06,"의료,정밀,광학기기및시계",82
2016.06,전기장비,89.7
2016.06,기타기계및장비,78.9
2016.06,자동차및트레일러,81.6
2016.06,기타운송장비,75.3
2016.06,가구,65.8
2016.06,기타제품,73.2
2016.06,비제조업,82.3
2016.06,건설업,83.5
2016.06,도매 및 소매업,77.7
2016.06,운수업,85.6
2016.06,숙박 및 음식점업,80.3
2016.06,"출판,영상,방송통신 및 정보서비스업",94.1
2016.06,부동산업 및 임대업,84.6
2016.06,"전문,과학 및 기술서비스업",87.3
2016.06,사업시설관리 및 사업지원서비스업,84.7
2016.06,교육서비스업,94.2
2016.06,"예술,스포츠 및 여가관련서비스업",91.3
2016.06,수리 및 기타개인서비스업,78.6
2016.07,전산업,81.7
2016.07,식료품,85.5
2016.07,음료,95.8
2016.07,섬유제품;의복제외,80.2
2016.07,"의복,의복악세서리및모피제품",74
2016.07,"가죽,가방및신발",87.1
2016.07,목재및나무제품;가구제외,72.3
2016.07,"펄프,종이및종이제품",81.2
2016.07,인쇄및기록매체복제업,72.6
2016.07,화학물질및화학제품;의약품제외,92.2
2016.07,의료용물질및의약품,94.6
2016.07,고무제품및플라스틱제품,79.7
2016.07,비금속광물제품,82.7
2016.07,1차금속,83.1
2016.07,금속가공제품;기계및가구제외,82.4
2016.07,"전자부품,컴퓨터,영상,음향및통신장비",85.7
2016.07,"의료,정밀,광학기기및시계",78.7
2016.07,전기장비,84.5
2016.07,기타기계및장비,84.6
2016.07,자동차및트레일러,81.6
2016.07,기타운송장비,74.4
2016.07,가구,66.6
2016.07,기타제품,70.4
2016.07,비제조업,80.4
2016.07,건설업,77.5
2016.07,도매 및 소매업,74.2
2016.07,운수업,85.4
2016.07,숙박 및 음식점업,83
2016.07,"출판,영상,방송통신 및 정보서비스업",91
2016.07,부동산업 및 임대업,91.4
2016.07,"전문,과학 및 기술서비스업",89.5
2016.07,사업시설관리 및 사업지원서비스업,81.2
2016.07,교육서비스업,109
2016.07,"예술,스포츠 및 여가관련서비스업",87.6
2016.07,수리 및 기타개인서비스업,72.5
2016.08,전산업,80.1
2016.08,식료품,87.8
2016.08,음료,99.6
2016.08,섬유제품;의복제외,88.6
2016.08,"의복,의복악세서리및모피제품",74.3
2016.08,"가죽,가방및신발",80.5
2016.08,목재및나무제품;가구제외,70.2
2016.08,"펄프,종이및종이제품",78.1
2016.08,인쇄및기록매체복제업,70.9
2016.08,화학물질및화학제품;의약품제외,82.5
2016.08,의료용물질및의약품,89.9
2016.08,고무제품및플라스틱제품,81.1
2016.08,비금속광물제품,76
2016.08,1차금속,79.2
2016.08,금속가공제품;기계및가구제외,82.2
2016.08,"전자부품,컴퓨터,영상,음향및통신장비",83.9
2016.08,"의료,정밀,광학기기및시계",76.9
2016.08,전기장비,74
2016.08,기타기계및장비,75.4
2016.08,자동차및트레일러,65.7
2016.08,기타운송장비,63.6
2016.08,가구,76.7
2016.08,기타제품,71
2016.08,비제조업,80.8
2016.08,건설업,74.1
2016.08,도매 및 소매업,78.5
2016.08,운수업,84.3
2016.08,숙박 및 음식점업,85.6
2016.08,"출판,영상,방송통신 및 정보서비스업",90.5
2016.08,부동산업 및 임대업,76.4
2016.08,"전문,과학 및 기술서비스업",89.7
2016.08,사업시설관리 및 사업지원서비스업,78.1
2016.08,교육서비스업,98.5
2016.08,"예술,스포츠 및 여가관련서비스업",72.3
2016.08,수리 및 기타개인서비스업,80.5
2016.09,전산업,81.8
2016.09,식료품,99.7
2016.09,음료,89.7
2016.09,섬유제품;의복제외,83.3
2016.09,"의복,의복악세서리및모피제품",78.2
2016.09,"가죽,가방및신발",86.8
2016.09,목재및나무제품;가구제외,75.7
2016.09,"펄프,종이및종이제품",77.1
2016.09,인쇄및기록매체복제업,86.1
2016.09,화학물질및화학제품;의약품제외,81.7
2016.09,의료용물질및의약품,92.4
2016.09,고무제품및플라스틱제품,85.2
2016.09,비금속광물제품,86.1
2016.09,1차금속,85.2
2016.09,금속가공제품;기계및가구제외,82.9
2016.09,"전자부품,컴퓨터,영상,음향및통신장비",89.7
2016.09,"의료,정밀,광학기기및시계",78.3
2016.09,전기장비,81.6
2016.09,기타기계및장비,79.3
2016.09,자동차및트레일러,73.7
2016.09,기타운송장비,64.5
2016.09,가구,60.2
2016.09,기타제품,70.3
2016.09,비제조업,80.8
2016.09,건설업,82.1
2016.09,도매 및 소매업,80.1
2016.09,운수업,88.7
2016.09,숙박 및 음식점업,75.4
2016.09,"출판,영상,방송통신 및 정보서비스업",88
2016.09,부동산업 및 임대업,83.1
2016.09,"전문,과학 및 기술서비스업",82.3
2016.09,사업시설관리 및 사업지원서비스업,83
2016.09,교육서비스업,62.2
2016.09,"예술,스포츠 및 여가관련서비스업",91.8
2016.09,수리 및 기타개인서비스업,75.6
2016.1,전산업,80.7
2016.1,식료품,87.8
2016.1,음료,78.9
2016.1,섬유제품;의복제외,81.2
2016.1,"의복,의복악세서리및모피제품",75.4
2016.1,"가죽,가방및신발",91.8
2016.1,목재및나무제품;가구제외,83.5
2016.1,"펄프,종이및종이제품",80.5
2016.1,인쇄및기록매체복제업,84.9
2016.1,화학물질및화학제품;의약품제외,82
2016.1,의료용물질및의약품,88.6
2016.1,고무제품및플라스틱제품,86.4
2016.1,비금속광물제품,80
2016.1,1차금속,80.4
2016.1,금속가공제품;기계및가구제외,83.1
2016.1,"전자부품,컴퓨터,영상,음향및통신장비",81.4
2016.1,"의료,정밀,광학기기및시계",86.8
2016.1,전기장비,82.3
2016.1,기타기계및장비,71.1
2016.1,자동차및트레일러,75.8
2016.1,기타운송장비,58.6
2016.1,가구,66.9
2016.1,기타제품,75
2016.1,비제조업,81.3
2016.1,건설업,79
2016.1,도매 및 소매업,81
2016.1,운수업,86.7
2016.1,숙박 및 음식점업,72.7
2016.1,"출판,영상,방송통신 및 정보서비스업",91
2016.1,부동산업 및 임대업,86.7
2016.1,"전문,과학 및 기술서비스업",78.5
2016.1,사업시설관리 및 사업지원서비스업,92
2016.1,교육서비스업,77.1
2016.1,"예술,스포츠 및 여가관련서비스업",88.2
2016.1,수리 및 기타개인서비스업,75.2
2016.11,전산업,78.7
2016.11,식료품,83.5
2016.11,음료,68.2
2016.11,섬유제품;의복제외,81.4
2016.11,"의복,의복악세서리및모피제품",72.1
2016.11,"가죽,가방및신발",71.8
2016.11,목재및나무제품;가구제외,75.8
2016.11,"펄프,종이및종이제품",73.1
2016.11,인쇄및기록매체복제업,83.8
2016.11,화학물질및화학제품;의약품제외,77
2016.11,의료용물질및의약품,92.6
2016.11,고무제품및플라스틱제품,81.5
2016.11,비금속광물제품,84.8
2016.11,1차금속,79.8
2016.11,금속가공제품;기계및가구제외,84.1
2016.11,"전자부품,컴퓨터,영상,음향및통신장비",81.8
2016.11,"의료,정밀,광학기기및시계",82
2016.11,전기장비,87.2
2016.11,기타기계및장비,78.8
2016.11,자동차및트레일러,83.3
2016.11,기타운송장비,73.7
2016.11,가구,77.6
2016.11,기타제품,74.7
2016.11,비제조업,77
2016.11,건설업,82.3
2016.11,도매 및 소매업,72.2
2016.11,운수업,77.1
2016.11,숙박 및 음식점업,76.8
2016.11,"출판,영상,방송통신 및 정보서비스업",88.3
2016.11,부동산업 및 임대업,82.1
2016.11,"전문,과학 및 기술서비스업",80.8
2016.11,사업시설관리 및 사업지원서비스업,86.6
2016.11,교육서비스업,83.1
2016.11,"예술,스포츠 및 여가관련서비스업",79.5
2016.11,수리 및 기타개인서비스업,82.4
2016.12,전산업,78.5
2016.12,식료품,83
2016.12,음료,86.3
2016.12,섬유제품;의복제외,67
2016.12,"의복,의복악세서리및모피제품",74.4
2016.12,"가죽,가방및신발",70.4
2016.12,목재및나무제품;가구제외,67.1
2016.12,"펄프,종이및종이제품",68.7
2016.12,인쇄및기록매체복제업,83.7
2016.12,화학물질및화학제품;의약품제외,72.3
2016.12,의료용물질및의약품,92
2016.12,고무제품및플라스틱제품,79.2
2016.12,비금속광물제품,84.4
2016.12,1차금속,81.4
2016.12,금속가공제품;기계및가구제외,82.5
2016.12,"전자부품,컴퓨터,영상,음향및통신장비",80.7
2016.12,"의료,정밀,광학기기및시계",81.8
2016.12,전기장비,84.3
2016.12,기타기계및장비,75.5
2016.12,자동차및트레일러,83.9
2016.12,기타운송장비,71.3
2016.12,가구,77.3
2016.12,기타제품,76.6
2016.12,비제조업,78.1
2016.12,건설업,76
2016.12,도매 및 소매업,77
2016.12,운수업,81
2016.12,숙박 및 음식점업,72.7
2016.12,"출판,영상,방송통신 및 정보서비스업",88.9
2016.12,부동산업 및 임대업,77.2
2016.12,"전문,과학 및 기술서비스업",79
2016.12,사업시설관리 및 사업지원서비스업,88.2
2016.12,교육서비스업,85.7
2016.12,"예술,스포츠 및 여가관련서비스업",78.3
2016.12,수리 및 기타개인서비스업,76.1
2017.01,전산업,71.6
2017.01,식료품,68.2
2017.01,음료,96.9
2017.01,섬유제품;의복제외,65.6
2017.01,"의복,의복악세서리및모피제품",76.6
2017.01,"가죽,가방및신발",74.9
2017.01,목재및나무제품;가구제외,64.6
2017.01,"펄프,종이및종이제품",78.5
2017.01,인쇄및기록매체복제업,71.7
2017.01,화학물질및화학제품;의약품제외,74.1
2017.01,의료용물질및의약품,92.1
2017.01,고무제품및플라스틱제품,70.5
2017.01,비금속광물제품,63.8
2017.01,1차금속,74.4
2017.01,금속가공제품;기계및가구제외,78.8
2017.01,"전자부품,컴퓨터,영상,음향및통신장비",81.1
2017.01,"의료,정밀,광학기기및시계",78.9
2017.01,전기장비,80.1
2017.01,기타기계및장비,68.4
2017.01,자동차및트레일러,78.7
2017.01,기타운송장비,67.9
2017.01,가구,64
2017.01,기타제품,62.8
2017.01,비제조업,70
2017.01,건설업,67.3
2017.01,도매 및 소매업,68.5
2017.01,운수업,77.9
2017.01,숙박 및 음식점업,59.5
2017.01,"출판,영상,방송통신 및 정보서비스업",83.7
2017.01,부동산업 및 임대업,69.2
2017.01,"전문,과학 및 기술서비스업",75
2017.01,사업시설관리 및 사업지원서비스업,79.6
2017.01,교육서비스업,74.1
2017.01,"예술,스포츠 및 여가관련서비스업",68.8
2017.01,수리 및 기타개인서비스업,72.4
2017.02,전산업,70.9
2017.02,식료품,73.9
2017.02,음료,75.4
2017.02,섬유제품;의복제외,54.5
2017.02,"의복,의복악세서리및모피제품",72.2
2017.02,"가죽,가방및신발",65.4
2017.02,목재및나무제품;가구제외,73.3
2017.02,"펄프,종이및종이제품",63.2
2017.02,인쇄및기록매체복제업,73.9
2017.02,화학물질및화학제품;의약품제외,76.1
2017.02,의료용물질및의약품,95.2
2017.02,고무제품및플라스틱제품,75.7
2017.02,비금속광물제품,68
2017.02,1차금속,81.3
2017.02,금속가공제품;기계및가구제외,75.3
2017.02,"전자부품,컴퓨터,영상,음향및통신장비",80.4
2017.02,"의료,정밀,광학기기및시계",86.6
2017.02,전기장비,73.9
2017.02,기타기계및장비,74.3
2017.02,자동차및트레일러,79.1
2017.02,기타운송장비,61.5
2017.02,가구,82.2
2017.02,기타제품,79.2
2017.02,비제조업,68
2017.02,건설업,63.8
2017.02,도매 및 소매업,65.4
2017.02,운수업,75.1
2017.02,숙박 및 음식점업,63.7
2017.02,"출판,영상,방송통신 및 정보서비스업",83.3
2017.02,부동산업 및 임대업,73.8
2017.02,"전문,과학 및 기술서비스업",81
2017.02,사업시설관리 및 사업지원서비스업,83.2
2017.02,교육서비스업,69.9
2017.02,"예술,스포츠 및 여가관련서비스업",61.4
2017.02,수리 및 기타개인서비스업,75.1
2017.03,전산업,81.8
2017.03,식료품,83.9
2017.03,음료,92
2017.03,섬유제품;의복제외,70.7
2017.03,"의복,의복악세서리및모피제품",75.3
2017.03,"가죽,가방및신발",78.5
2017.03,목재및나무제품;가구제외,75
2017.03,"펄프,종이및종이제품",69.9
2017.03,인쇄및기록매체복제업,85.1
2017.03,화학물질및화학제품;의약품제외,83.9
2017.03,의료용물질및의약품,92.9
2017.03,고무제품및플라스틱제품,79.7
2017.03,비금속광물제품,87.9
2017.03,1차금속,78.6
2017.03,금속가공제품;기계및가구제외,79.6
2017.03,"전자부품,컴퓨터,영상,음향및통신장비",90.1
2017.03,"의료,정밀,광학기기및시계",89.9
2017.03,전기장비,77.4
2017.03,기타기계및장비,81.9
2017.03,자동차및트레일러,90.5
2017.03,기타운송장비,69.1
2017.03,가구,87.8
2017.03,기타제품,78.3
2017.03,비제조업,81.9
2017.03,건설업,81.3
2017.03,도매 및 소매업,81.8
2017.03,운수업,81.2
2017.03,숙박 및 음식점업,77.1
2017.03,"출판,영상,방송통신 및 정보서비스업",83.7
2017.03,부동산업 및 임대업,82.1
2017.03,"전문,과학 및 기술서비스업",80.8
2017.03,사업시설관리 및 사업지원서비스업,91.2
2017.03,교육서비스업,80.4
2017.03,"예술,스포츠 및 여가관련서비스업",92
2017.03,수리 및 기타개인서비스업,79.6
2017.04,전산업,82.1
2017.04,식료품,85.4
2017.04,음료,94
2017.04,섬유제품;의복제외,75.6
2017.04,"의복,의복악세서리및모피제품",83.2
2017.04,"가죽,가방및신발",77.8
2017.04,목재및나무제품;가구제외,76.5
2017.04,"펄프,종이및종이제품",79.5
2017.04,인쇄및기록매체복제업,79.4
2017.04,화학물질및화학제품;의약품제외,86.9
2017.04,의료용물질및의약품,91.5
2017.04,고무제품및플라스틱제품,85.1
2017.04,비금속광물제품,92.4
2017.04,1차금속,81
2017.04,금속가공제품;기계및가구제외,73.1
2017.04,"전자부품,컴퓨터,영상,음향및통신장비",92.1
2017.04,"의료,정밀,광학기기및시계",86.6
2017.04,전기장비,81.7
2017.04,기타기계및장비,77.8
2017.04,자동차및트레일러,86.6
2017.04,기타운송장비,70.1
2017.04,가구,81.3
2017.04,기타제품,83.7
2017.04,비제조업,82.2
2017.04,건설업,85.2
2017.04,도매 및 소매업,79
2017.04,운수업,86.1
2017.04,숙박 및 음식점업,86.5
2017.04,"출판,영상,방송통신 및 정보서비스업",88.3
2017.04,부동산업 및 임대업,83
2017.04,"전문,과학 및 기술서비스업",83.1
2017.04,사업시설관리 및 사업지원서비스업,91.6
2017.04,교육서비스업,75.8
2017.04,"예술,스포츠 및 여가관련서비스업",97.6
2017.04,수리 및 기타개인서비스업,80.2
2017.05,전산업,79.4
2017.05,식료품,89.3
2017.05,음료,104.8
2017.05,섬유제품;의복제외,71.5
2017.05,"의복,의복악세서리및모피제품",72.2
2017.05,"가죽,가방및신발",73.6
2017.05,목재및나무제품;가구제외,75.6
2017.05,"펄프,종이및종이제품",72.8
2017.05,인쇄및기록매체복제업,72
2017.05,화학물질및화학제품;의약품제외,86.2
2017.05,의료용물질및의약품,100.7
2017.05,고무제품및플라스틱제품,74.3
2017.05,비금속광물제품,88.9
2017.05,1차금속,75.2
2017.05,금속가공제품;기계및가구제외,74.8
2017.05,"전자부품,컴퓨터,영상,음향및통신장비",83.7
2017.05,"의료,정밀,광학기기및시계",87.5
2017.05,전기장비,77.3
2017.05,기타기계및장비,75.6
2017.05,자동차및트레일러,74.3
2017.05,기타운송장비,72.3
2017.05,가구,69.3
2017.05,기타제품,85.8
2017.05,비제조업,80.6
2017.05,건설업,79.2
2017.05,도매 및 소매업,78.8
2017.05,운수업,81
2017.05,숙박 및 음식점업,87.3
2017.05,"출판,영상,방송통신 및 정보서비스업",87.9
2017.05,부동산업 및 임대업,84.3
2017.05,"전문,과학 및 기술서비스업",79.4
2017.05,사업시설관리 및 사업지원서비스업,88.8
2017.05,교육서비스업,78.8
2017.05,"예술,스포츠 및 여가관련서비스업",96.2
2017.05,수리 및 기타개인서비스업,86.4
2017.06,전산업,79.9
2017.06,식료품,86.1
2017.06,음료,97.9
2017.06,섬유제품;의복제외,71.4
2017.06,"의복,의복악세서리및모피제품",77.1
2017.06,"가죽,가방및신발",76.5
2017.06,목재및나무제품;가구제외,77.5
2017.06,"펄프,종이및종이제품",63.8
2017.06,인쇄및기록매체복제업,75.2
2017.06,화학물질및화학제품;의약품제외,88
2017.06,의료용물질및의약품,88.5
2017.06,고무제품및플라스틱제품,81.9
2017.06,비금속광물제품,87.1
2017.06,1차금속,81.5
2017.06,금속가공제품;기계및가구제외,79.6
2017.06,"전자부품,컴퓨터,영상,음향및통신장비",90
2017.06,"의료,정밀,광학기기및시계",88.3
2017.06,전기장비,81.1
2017.06,기타기계및장비,81.2
2017.06,자동차및트레일러,83.4
2017.06,기타운송장비,78.8
2017.06,가구,72.1
2017.06,기타제품,85.9
2017.06,비제조업,78.6
2017.06,건설업,75.3
2017.06,도매 및 소매업,78
2017.06,운수업,79.3
2017.06,숙박 및 음식점업,71
2017.06,"출판,영상,방송통신 및 정보서비스업",86.5
2017.06,부동산업 및 임대업,83.9
2017.06,"전문,과학 및 기술서비스업",83.2
2017.06,사업시설관리 및 사업지원서비스업,88
2017.06,교육서비스업,79.3
2017.06,"예술,스포츠 및 여가관련서비스업",92.6
2017.06,수리 및 기타개인서비스업,83
2017.07,전산업,80.5
2017.07,식료품,79.7
2017.07,음료,95.2
2017.07,섬유제품;의복제외,70.9
2017.07,"의복,의복악세서리및모피제품",75
2017.07,"가죽,가방및신발",71.7
2017.07,목재및나무제품;가구제외,72.4
2017.07,"펄프,종이및종이제품",67.5
2017.07,인쇄및기록매체복제업,68.8
2017.07,화학물질및화학제품;의약품제외,76.2
2017.07,의료용물질및의약품,90.2
2017.07,고무제품및플라스틱제품,80.1
2017.07,비금속광물제품,84.7
2017.07,1차금속,77.8
2017.07,금속가공제품;기계및가구제외,74.1
2017.07,"전자부품,컴퓨터,영상,음향및통신장비",85.6
2017.07,"의료,정밀,광학기기및시계",83.6
2017.07,전기장비,75.7
2017.07,기타기계및장비,79.5
2017.07,자동차및트레일러,83.8
2017.07,기타운송장비,74.4
2017.07,가구,70.4
2017.07,기타제품,83.6
2017.07,비제조업,82.2
2017.07,건설업,78
2017.07,도매 및 소매업,82.6
2017.07,운수업,79.5
2017.07,숙박 및 음식점업,88.1
2017.07,"출판,영상,방송통신 및 정보서비스업",89.6
2017.07,부동산업 및 임대업,80.8
2017.07,"전문,과학 및 기술서비스업",82.9
2017.07,사업시설관리 및 사업지원서비스업,84.2
2017.07,교육서비스업,92.6
2017.07,"예술,스포츠 및 여가관련서비스업",83.7
2017.07,수리 및 기타개인서비스업,83.5
2017.08,전산업,76.1
2017.08,식료품,85.7
2017.08,음료,90.9
2017.08,섬유제품;의복제외,64.2
2017.08,"의복,의복악세서리및모피제품",73.1
2017.08,"가죽,가방및신발",68.2
2017.08,목재및나무제품;가구제외,72.8
2017.08,"펄프,종이및종이제품",76.7
2017.08,인쇄및기록매체복제업,66.4
2017.08,화학물질및화학제품;의약품제외,77.2
2017.08,의료용물질및의약품,86.2
2017.08,고무제품및플라스틱제품,81.4
2017.08,비금속광물제품,73.7
2017.08,1차금속,70.1
2017.08,금속가공제품;기계및가구제외,69.2
2017.08,"전자부품,컴퓨터,영상,음향및통신장비",83.5
2017.08,"의료,정밀,광학기기및시계",85
2017.08,전기장비,73.7
2017.08,기타기계및장비,75.3
2017.08,자동차및트레일러,64.7
2017.08,기타운송장비,56.7
2017.08,가구,81.1
2017.08,기타제품,71.2
2017.08,비제조업,77.4
2017.08,건설업,76.6
2017.08,도매 및 소매업,76.1
2017.08,운수업,77.1
2017.08,숙박 및 음식점업,74.8
2017.08,"출판,영상,방송통신 및 정보서비스업",86.8
2017.08,부동산업 및 임대업,74.1
2017.08,"전문,과학 및 기술서비스업",76.7
2017.08,사업시설관리 및 사업지원서비스업,83
2017.08,교육서비스업,86.1
2017.08,"예술,스포츠 및 여가관련서비스업",80.7
2017.08,수리 및 기타개인서비스업,87.1
2017.09,전산업,85.4
2017.09,식료품,99.1
2017.09,음료,96.2
2017.09,섬유제품;의복제외,75.8
2017.09,"의복,의복악세서리및모피제품",84.7
2017.09,"가죽,가방및신발",87.3
2017.09,목재및나무제품;가구제외,83.1
2017.09,"펄프,종이및종이제품",79.6
2017.09,인쇄및기록매체복제업,86.2
2017.09,화학물질및화학제품;의약품제외,92.8
2017.09,의료용물질및의약품,89.8
2017.09,고무제품및플라스틱제품,86.3
2017.09,비금속광물제품,87.2
2017.09,1차금속,83.1
2017.09,금속가공제품;기계및가구제외,77.5
2017.09,"전자부품,컴퓨터,영상,음향및통신장비",88.2
2017.09,"의료,정밀,광학기기및시계",86.5
2017.09,전기장비,80
2017.09,기타기계및장비,81.9
2017.09,자동차및트레일러,88.7
2017.09,기타운송장비,69.7
2017.09,가구,77.3
2017.09,기타제품,80.2
2017.09,비제조업,86.3
2017.09,건설업,79.3
2017.09,도매 및 소매업,89.1
2017.09,운수업,86.4
2017.09,숙박 및 음식점업,84.4
2017.09,"출판,영상,방송통신 및 정보서비스업",88.8
2017.09,부동산업 및 임대업,82.2
2017.09,"전문,과학 및 기술서비스업",83.5
2017.09,사업시설관리 및 사업지원서비스업,90
2017.09,교육서비스업,81.9
2017.09,"예술,스포츠 및 여가관련서비스업",94.8
2017.09,수리 및 기타개인서비스업,86.5
2017.1,전산업,76.8
2017.1,식료품,85.7
2017.1,음료,85.6
2017.1,섬유제품;의복제외,75.3
2017.1,"의복,의복악세서리및모피제품",72.5
2017.1,"가죽,가방및신발",75.6
2017.1,목재및나무제품;가구제외,66.7
2017.1,"펄프,종이및종이제품",64.2
2017.1,인쇄및기록매체복제업,69.5
2017.1,화학물질및화학제품;의약품제외,79.5
2017.1,의료용물질및의약품,89.2
2017.1,고무제품및플라스틱제품,77.8
2017.1,비금속광물제품,81.9
2017.1,1차금속,76.7
2017.1,금속가공제품;기계및가구제외,68.8
2017.1,"전자부품,컴퓨터,영상,음향및통신장비",81.1
2017.1,"의료,정밀,광학기기및시계",75.3
2017.1,전기장비,79.9
2017.1,기타기계및장비,75
2017.1,자동차및트레일러,71.9
2017.1,기타운송장비,58.1
2017.1,가구,70
2017.1,기타제품,72.5
2017.1,비제조업,77.9
2017.1,건설업,80.2
2017.1,도매 및 소매업,73.6
2017.1,운수업,85.3
2017.1,숙박 및 음식점업,75.8
2017.1,"출판,영상,방송통신 및 정보서비스업",89.2
2017.1,부동산업 및 임대업,89.5
2017.1,"전문,과학 및 기술서비스업",84.5
2017.1,사업시설관리 및 사업지원서비스업,88.3
2017.1,교육서비스업,75.7
2017.1,"예술,스포츠 및 여가관련서비스업",81.9
2017.1,수리 및 기타개인서비스업,77.6
2017.11,전산업,81.6
2017.11,식료품,76.3
2017.11,음료,88.9
2017.11,섬유제품;의복제외,77.5
2017.11,"의복,의복악세서리및모피제품",76.6
2017.11,"가죽,가방및신발",72.5
2017.11,목재및나무제품;가구제외,84.7
2017.11,"펄프,종이및종이제품",79.3
2017.11,인쇄및기록매체복제업,90.7
2017.11,화학물질및화학제품;의약품제외,83.1
2017.11,의료용물질및의약품,92.6
2017.11,고무제품및플라스틱제품,80.4
2017.11,비금속광물제품,91.9
2017.11,1차금속,84.4
2017.11,금속가공제품;기계및가구제외,81.1
2017.11,"전자부품,컴퓨터,영상,음향및통신장비",87.9
2017.11,"의료,정밀,광학기기및시계",83
2017.11,전기장비,77.5
2017.11,기타기계및장비,80.5
2017.11,자동차및트레일러,77
2017.11,기타운송장비,58.4
2017.11,가구,80.2
2017.11,기타제품,74.9
2017.11,비제조업,82.3
2017.11,건설업,78.3
2017.11,도매 및 소매업,82.6
2017.11,운수업,81.3
2017.11,숙박 및 음식점업,78.6
2017.11,"출판,영상,방송통신 및 정보서비스업",88.5
2017.11,부동산업 및 임대업,84.4
2017.11,"전문,과학 및 기술서비스업",84.3
2017.11,사업시설관리 및 사업지원서비스업,89.2
2017.11,교육서비스업,82.3
2017.11,"예술,스포츠 및 여가관련서비스업",77.4
2017.11,수리 및 기타개인서비스업,91.4
2017.12,전산업,81.3
2017.12,식료품,80.1
2017.12,음료,91.7
2017.12,섬유제품;의복제외,69.5
2017.12,"의복,의복악세서리및모피제품",80
2017.12,"가죽,가방및신발",79.6
2017.12,목재및나무제품;가구제외,77.1
2017.12,"펄프,종이및종이제품",68.4
2017.12,인쇄및기록매체복제업,95
2017.12,화학물질및화학제품;의약품제외,83.5
2017.12,의료용물질및의약품,99.6
2017.12,고무제품및플라스틱제품,69.8
2017.12,비금속광물제품,86.8
2017.12,1차금속,83
2017.12,금속가공제품;기계및가구제외,77.4
2017.12,"전자부품,컴퓨터,영상,음향및통신장비",88.3
2017.12,"의료,정밀,광학기기및시계",89.3
2017.12,전기장비,84.4
2017.12,기타기계및장비,80.1
2017.12,자동차및트레일러,80.4
2017.12,기타운송장비,66.2
2017.12,가구,83.6
2017.12,기타제품,75.8
2017.12,비제조업,82.3
2017.12,건설업,80.9
2017.12,도매 및 소매업,81.3
2017.12,운수업,80
2017.12,숙박 및 음식점업,87
2017.12,"출판,영상,방송통신 및 정보서비스업",92.2
2017.12,부동산업 및 임대업,78.3
2017.12,"전문,과학 및 기술서비스업",87.5
2017.12,사업시설관리 및 사업지원서비스업,86.9
2017.12,교육서비스업,84.4
2017.12,"예술,스포츠 및 여가관련서비스업",62.4
2017.12,수리 및 기타개인서비스업,85.6
2018.01,전산업,74.2
2018.01,식료품,79.6
2018.01,음료,89.9
2018.01,섬유제품;의복제외,64.2
2018.01,"의복,의복악세서리및모피제품",68.7
2018.01,"가죽,가방및신발",65.4
2018.01,목재및나무제품;가구제외,71.4
2018.01,"펄프,종이및종이제품",72.2
2018.01,인쇄및기록매체복제업,83.9
2018.01,화학물질및화학제품;의약품제외,80.5
2018.01,의료용물질및의약품,94.2
2018.01,고무제품및플라스틱제품,71.4
2018.01,비금속광물제품,64.8
2018.01,1차금속,80.9
2018.01,금속가공제품;기계및가구제외,69
2018.01,"전자부품,컴퓨터,영상,음향및통신장비",79.3
2018.01,"의료,정밀,광학기기및시계",81.8
2018.01,전기장비,77.2
2018.01,기타기계및장비,72.4
2018.01,자동차및트레일러,69.8
2018.01,기타운송장비,54.5
2018.01,가구,79.3
2018.01,기타제품,73.7
2018.01,비제조업,74.7
2018.01,건설업,69.5
2018.01,도매 및 소매업,75.8
2018.01,운수업,73.7
2018.01,숙박 및 음식점업,65.7
2018.01,"출판,영상,방송통신 및 정보서비스업",88
2018.01,부동산업 및 임대업,77.6
2018.01,"전문,과학 및 기술서비스업",80.1
2018.01,사업시설관리 및 사업지원서비스업,75.4
2018.01,교육서비스업,88.7
2018.01,"예술,스포츠 및 여가관련서비스업",65.5
2018.01,수리 및 기타개인서비스업,73.9
2018.02,전산업,72.5
2018.02,식료품,83.8
2018.02,음료,92.4
2018.02,섬유제품;의복제외,65
2018.02,"의복,의복악세서리및모피제품",69.3
2018.02,"가죽,가방및신발",60.7
2018.02,목재및나무제품;가구제외,60.2
2018.02,"펄프,종이및종이제품",67.7
2018.02,인쇄및기록매체복제업,71.3
2018.02,화학물질및화학제품;의약품제외,77.6
2018.02,의료용물질및의약품,98
2018.02,고무제품및플라스틱제품,67.1
2018.02,비금속광물제품,69.4
2018.02,1차금속,76.6
2018.02,금속가공제품;기계및가구제외,67.5
2018.02,"전자부품,컴퓨터,영상,음향및통신장비",75.8
2018.02,"의료,정밀,광학기기및시계",84.7
2018.02,전기장비,70.3
2018.02,기타기계및장비,71.6
2018.02,자동차및트레일러,67.9
2018.02,기타운송장비,56.1
2018.02,가구,71.7
2018.02,기타제품,68
2018.02,비제조업,73.2
2018.02,건설업,67.7
2018.02,도매 및 소매업,74.5
2018.02,운수업,71.9
2018.02,숙박 및 음식점업,68.5
2018.02,"출판,영상,방송통신 및 정보서비스업",84.5
2018.02,부동산업 및 임대업,73.9
2018.02,"전문,과학 및 기술서비스업",77.5
2018.02,사업시설관리 및 사업지원서비스업,76
2018.02,교육서비스업,77
2018.02,"예술,스포츠 및 여가관련서비스업",69.7
2018.02,수리 및 기타개인서비스업,68.6
2018.03,전산업,81
2018.03,식료품,87
2018.03,음료,100
2018.03,섬유제품;의복제외,72
2018.03,"의복,의복악세서리및모피제품",73.7
2018.03,"가죽,가방및신발",75.9
2018.03,목재및나무제품;가구제외,76.6
2018.03,"펄프,종이및종이제품",76.9
2018.03,인쇄및기록매체복제업,82.5
2018.03,화학물질및화학제품;의약품제외,87.4
2018.03,의료용물질및의약품,98.8
2018.03,고무제품및플라스틱제품,82.5
2018.03,비금속광물제품,85.6
2018.03,1차금속,84.6
2018.03,금속가공제품;기계및가구제외,82.3
2018.03,"전자부품,컴퓨터,영상,음향및통신장비",78.9
2018.03,"의료,정밀,광학기기및시계",85.2
2018.03,전기장비,76.4
2018.03,기타기계및장비,76.7
2018.03,자동차및트레일러,77.5
2018.03,기타운송장비,65.3
2018.03,가구,76
2018.03,기타제품,78.8
2018.03,비제조업,81.5
2018.03,건설업,76.8
2018.03,도매 및 소매업,83.3
2018.03,운수업,81.4
2018.03,숙박 및 음식점업,72
2018.03,"출판,영상,방송통신 및 정보서비스업",90.3
2018.03,부동산업 및 임대업,81.3
2018.03,"전문,과학 및 기술서비스업",81.5
2018.03,사업시설관리 및 사업지원서비스업,84.5
2018.03,교육서비스업,88
2018.03,"예술,스포츠 및 여가관련서비스업",99.8
2018.03,수리 및 기타개인서비스업,72.4
2018.04,전산업,83.3
2018.04,식료품,83.5
2018.04,음료,97.2
2018.04,섬유제품;의복제외,80.4
2018.04,"의복,의복악세서리및모피제품",80.6
2018.04,"가죽,가방및신발",84.6
2018.04,목재및나무제품;가구제외,77.2
2018.04,"펄프,종이및종이제품",75.1
2018.04,인쇄및기록매체복제업,83.2
2018.04,화학물질및화학제품;의약품제외,87
2018.04,의료용물질및의약품,99.7
2018.04,고무제품및플라스틱제품,77
2018.04,비금속광물제품,95.9
2018.04,1차금속,86.2
2018.04,금속가공제품;기계및가구제외,86.6
2018.04,"전자부품,컴퓨터,영상,음향및통신장비",87.2
2018.04,"의료,정밀,광학기기및시계",89
2018.04,전기장비,80.8
2018.04,기타기계및장비,78
2018.04,자동차및트레일러,83.3
2018.04,기타운송장비,66
2018.04,가구,73.2
2018.04,기타제품,75.4
2018.04,비제조업,83.8
2018.04,건설업,81.2
2018.04,도매 및 소매업,85.4
2018.04,운수업,84.9
2018.04,숙박 및 음식점업,73.1
2018.04,"출판,영상,방송통신 및 정보서비스업",90.6
2018.04,부동산업 및 임대업,83.9
2018.04,"전문,과학 및 기술서비스업",82.7
2018.04,사업시설관리 및 사업지원서비스업,84.3
2018.04,교육서비스업,82
2018.04,"예술,스포츠 및 여가관련서비스업",92.9
2018.04,수리 및 기타개인서비스업,78.5
2018.05,전산업,80.4
2018.05,식료품,86.2
2018.05,음료,102.2
2018.05,섬유제품;의복제외,72.2
2018.05,"의복,의복악세서리및모피제품",76.3
2018.05,"가죽,가방및신발",80
2018.05,목재및나무제품;가구제외,76.7
2018.05,"펄프,종이및종이제품",80.6
2018.05,인쇄및기록매체복제업,80.5
2018.05,화학물질및화학제품;의약품제외,84.1
2018.05,의료용물질및의약품,90.1
2018.05,고무제품및플라스틱제품,72.2
2018.05,비금속광물제품,86.6
2018.05,1차금속,81.4
2018.05,금속가공제품;기계및가구제외,85.3
2018.05,"전자부품,컴퓨터,영상,음향및통신장비",88.5
2018.05,"의료,정밀,광학기기및시계",92.3
2018.05,전기장비,79.2
2018.05,기타기계및장비,75.9
2018.05,자동차및트레일러,75.5
2018.05,기타운송장비,66.6
2018.05,가구,70.3
2018.05,기타제품,76.7
2018.05,비제조업,80.7
2018.05,건설업,78.5
2018.05,도매 및 소매업,79.9
2018.05,운수업,85.7
2018.05,숙박 및 음식점업,76.6
2018.05,"출판,영상,방송통신 및 정보서비스업",87.5
2018.05,부동산업 및 임대업,82.3
2018.05,"전문,과학 및 기술서비스업",88.2
2018.05,사업시설관리 및 사업지원서비스업,86.1
2018.05,교육서비스업,78.7
2018.05,"예술,스포츠 및 여가관련서비스업",94.3
2018.05,수리 및 기타개인서비스업,71.8
2018.06,전산업,81.1
2018.06,식료품,82.5
2018.06,음료,90.2
2018.06,섬유제품;의복제외,74.7
2018.06,"의복,의복악세서리및모피제품",71
2018.06,"가죽,가방및신발",82.9
2018.06,목재및나무제품;가구제외,73.2
2018.06,"펄프,종이및종이제품",76.1
2018.06,인쇄및기록매체복제업,71.2
2018.06,화학물질및화학제품;의약품제외,85.3
2018.06,의료용물질및의약품,90.2
2018.06,고무제품및플라스틱제품,78.6
2018.06,비금속광물제품,84.6
2018.06,1차금속,77.8
2018.06,금속가공제품;기계및가구제외,83.4
2018.06,"전자부품,컴퓨터,영상,음향및통신장비",83.1
2018.06,"의료,정밀,광학기기및시계",99.1
2018.06,전기장비,76.5
2018.06,기타기계및장비,78.4
2018.06,자동차및트레일러,87.4
2018.06,기타운송장비,65.5
2018.06,가구,70.7
2018.06,기타제품,82.2
2018.06,비제조업,81.4
2018.06,건설업,79.4
2018.06,도매 및 소매업,82.3
2018.06,운수업,81.1
2018.06,숙박 및 음식점업,70.1
2018.06,"출판,영상,방송통신 및 정보서비스업",87.1
2018.06,부동산업 및 임대업,83.6
2018.06,"전문,과학 및 기술서비스업",85.1
2018.06,사업시설관리 및 사업지원서비스업,86.1
2018.06,교육서비스업,77.8
2018.06,"예술,스포츠 및 여가관련서비스업",88.4
2018.06,수리 및 기타개인서비스업,76.8
2018.07,전산업,77.3
2018.07,식료품,74.7
2018.07,음료,92.8
2018.07,섬유제품;의복제외,67.6
2018.07,"의복,의복악세서리및모피제품",70.6
2018.07,"가죽,가방및신발",74.8
2018.07,목재및나무제품;가구제외,61.3
2018.07,"펄프,종이및종이제품",75.7
2018.07,인쇄및기록매체복제업,64.9
2018.07,화학물질및화학제품;의약품제외,76
2018.07,의료용물질및의약품,85.8
2018.07,고무제품및플라스틱제품,68.3
2018.07,비금속광물제품,73.1
2018.07,1차금속,74.7
2018.07,금속가공제품;기계및가구제외,79.6
2018.07,"전자부품,컴퓨터,영상,음향및통신장비",87.3
2018.07,"의료,정밀,광학기기및시계",87.9
2018.07,전기장비,71.2
2018.07,기타기계및장비,79.1
2018.07,자동차및트레일러,77.7
2018.07,기타운송장비,71.8
2018.07,가구,68.6
2018.07,기타제품,77.2
2018.07,비제조업,78.3
2018.07,건설업,79.2
2018.07,도매 및 소매업,76.7
2018.07,운수업,75.8
2018.07,숙박 및 음식점업,75.1
2018.07,"출판,영상,방송통신 및 정보서비스업",83.7
2018.07,부동산업 및 임대업,86.1
2018.07,"전문,과학 및 기술서비스업",82.2
2018.07,사업시설관리 및 사업지원서비스업,83.4
2018.07,교육서비스업,95.5
2018.07,"예술,스포츠 및 여가관련서비스업",77.1
2018.07,수리 및 기타개인서비스업,77.7
2018.08,전산업,75.4
2018.08,식료품,86.1
2018.08,음료,87.9
2018.08,섬유제품;의복제외,61.4
2018.08,"의복,의복악세서리및모피제품",64.7
2018.08,"가죽,가방및신발",65.4
2018.08,목재및나무제품;가구제외,61.1
2018.08,"펄프,종이및종이제품",74.1
2018.08,인쇄및기록매체복제업,62.3
2018.08,화학물질및화학제품;의약품제외,75
2018.08,의료용물질및의약품,87.3
2018.08,고무제품및플라스틱제품,73.1
2018.08,비금속광물제품,73.9
2018.08,1차금속,74.6
2018.08,금속가공제품;기계및가구제외,82.3
2018.08,"전자부품,컴퓨터,영상,음향및통신장비",78.1
2018.08,"의료,정밀,광학기기및시계",92.1
2018.08,전기장비,70
2018.08,기타기계및장비,77.7
2018.08,자동차및트레일러,68.3
2018.08,기타운송장비,62.5
2018.08,가구,77.5
2018.08,기타제품,68.4
2018.08,비제조업,75.6
2018.08,건설업,75.3
2018.08,도매 및 소매업,74
2018.08,운수업,71.5
2018.08,숙박 및 음식점업,75.5
2018.08,"출판,영상,방송통신 및 정보서비스업",83.9
2018.08,부동산업 및 임대업,79.4
2018.08,"전문,과학 및 기술서비스업",79.7
2018.08,사업시설관리 및 사업지원서비스업,86
2018.08,교육서비스업,81.2
2018.08,"예술,스포츠 및 여가관련서비스업",68.9
2018.08,수리 및 기타개인서비스업,78.5
2018.09,전산업,77.9
2018.09,식료품,95
2018.09,음료,102.9
2018.09,섬유제품;의복제외,65.9
2018.09,"의복,의복악세서리및모피제품",71.6
2018.09,"가죽,가방및신발",69.2
2018.09,목재및나무제품;가구제외,67.3
2018.09,"펄프,종이및종이제품",87.6
2018.09,인쇄및기록매체복제업,79.5
2018.09,화학물질및화학제품;의약품제외,75.8
2018.09,의료용물질및의약품,98.7
2018.09,고무제품및플라스틱제품,78.4
2018.09,비금속광물제품,69.4
2018.09,1차금속,83
2018.09,금속가공제품;기계및가구제외,76.8
2018.09,"전자부품,컴퓨터,영상,음향및통신장비",87.6
2018.09,"의료,정밀,광학기기및시계",86.1
2018.09,전기장비,72.4
2018.09,기타기계및장비,70.9
2018.09,자동차및트레일러,73.7
2018.09,기타운송장비,64.8
2018.09,가구,76.8
2018.09,기타제품,72.7
2018.09,비제조업,78.3
2018.09,건설업,74.2
2018.09,도매 및 소매업,80.1
2018.09,운수업,83.6
2018.09,숙박 및 음식점업,62.6
2018.09,"출판,영상,방송통신 및 정보서비스업",86.4
2018.09,부동산업 및 임대업,79.6
2018.09,"전문,과학 및 기술서비스업",77.8
2018.09,사업시설관리 및 사업지원서비스업,84.5
2018.09,교육서비스업,76.5
2018.09,"예술,스포츠 및 여가관련서비스업",80.3
2018.09,수리 및 기타개인서비스업,71.9
2018.1,전산업,77.3
2018.1,식료품,82.4
2018.1,음료,79.3
2018.1,섬유제품;의복제외,70.9
2018.1,"의복,의복악세서리및모피제품",75.6
2018.1,"가죽,가방및신발",80.9
2018.1,목재및나무제품;가구제외,73.4
2018.1,"펄프,종이및종이제품",79.7
2018.1,인쇄및기록매체복제업,81.4
2018.1,화학물질및화학제품;의약품제외,80.8
2018.1,의료용물질및의약품,98.7
2018.1,고무제품및플라스틱제품,75
2018.1,비금속광물제품,75.4
2018.1,1차금속,82.8
2018.1,금속가공제품;기계및가구제외,74.1
2018.1,"전자부품,컴퓨터,영상,음향및통신장비",80.4
2018.1,"의료,정밀,광학기기및시계",78.3
2018.1,전기장비,79.6
2018.1,기타기계및장비,73.3
2018.1,자동차및트레일러,79.2
2018.1,기타운송장비,73.8
2018.1,가구,70
2018.1,기타제품,81.3
2018.1,비제조업,77.2
2018.1,건설업,73.1
2018.1,도매 및 소매업,75.5
2018.1,운수업,82.3
2018.1,숙박 및 음식점업,79.4
2018.1,"출판,영상,방송통신 및 정보서비스업",88.2
2018.1,부동산업 및 임대업,83.5
2018.1,"전문,과학 및 기술서비스업",84.3
2018.1,사업시설관리 및 사업지원서비스업,88
2018.1,교육서비스업,77.5
2018.1,"예술,스포츠 및 여가관련서비스업",87.6
2018.1,수리 및 기타개인서비스업,74.4
2018.11,전산업,77.9
2018.11,식료품,84.1
2018.11,음료,87.7
2018.11,섬유제품;의복제외,67.1
2018.11,"의복,의복악세서리및모피제품",80.7
2018.11,"가죽,가방및신발",81.3
2018.11,목재및나무제품;가구제외,71
2018.11,"펄프,종이및종이제품",72.6
2018.11,인쇄및기록매체복제업,81
2018.11,화학물질및화학제품;의약품제외,80.2
2018.11,의료용물질및의약품,106.2
2018.11,고무제품및플라스틱제품,76.8
2018.11,비금속광물제품,76.8
2018.11,1차금속,75.6
2018.11,금속가공제품;기계및가구제외,79
2018.11,"전자부품,컴퓨터,영상,음향및통신장비",88.5
2018.11,"의료,정밀,광학기기및시계",87.5
2018.11,전기장비,79.6
2018.11,기타기계및장비,72.9
2018.11,자동차및트레일러,75.3
2018.11,기타운송장비,71.6
2018.11,가구,76.6
2018.11,기타제품,81.6
2018.11,비제조업,77.8
2018.11,건설업,73.2
2018.11,도매 및 소매업,77.2
2018.11,운수업,77.5
2018.11,숙박 및 음식점업,81.9
2018.11,"출판,영상,방송통신 및 정보서비스업",90.8
2018.11,부동산업 및 임대업,78
2018.11,"전문,과학 및 기술서비스업",83.4
2018.11,사업시설관리 및 사업지원서비스업,80.9
2018.11,교육서비스업,79.6
2018.11,"예술,스포츠 및 여가관련서비스업",73.9
2018.11,수리 및 기타개인서비스업,81.5
2018.12,전산업,77.2
2018.12,식료품,86.5
2018.12,음료,95.4
2018.12,섬유제품;의복제외,66.4
2018.12,"의복,의복악세서리및모피제품",78.5
2018.12,"가죽,가방및신발",68.1
2018.12,목재및나무제품;가구제외,61.7
2018.12,"펄프,종이및종이제품",65.6
2018.12,인쇄및기록매체복제업,88.7
2018.12,화학물질및화학제품;의약품제외,78.8
2018.12,의료용물질및의약품,97.3
2018.12,고무제품및플라스틱제품,69.6
2018.12,비금속광물제품,74.3
2018.12,1차금속,73.3
2018.12,금속가공제품;기계및가구제외,76.9
2018.12,"전자부품,컴퓨터,영상,음향및통신장비",87.7
2018.12,"의료,정밀,광학기기및시계",90.6
2018.12,전기장비,77.9
2018.12,기타기계및장비,76
2018.12,자동차및트레일러,80.3
2018.12,기타운송장비,71.5
2018.12,가구,78.4
2018.12,기타제품,79.6
2018.12,비제조업,77.2
2018.12,건설업,74.2
2018.12,도매 및 소매업,76.5
2018.12,운수업,74.1
2018.12,숙박 및 음식점업,82
2018.12,"출판,영상,방송통신 및 정보서비스업",90.1
2018.12,부동산업 및 임대업,69.4
2018.12,"전문,과학 및 기술서비스업",87.4
2018.12,사업시설관리 및 사업지원서비스업,79.8
2018.12,교육서비스업,80.2
2018.12,"예술,스포츠 및 여가관련서비스업",66.6
2018.12,수리 및 기타개인서비스업,75.2
2019.01,전산업,74.2
2019.01,식료품,89.4
2019.01,음료,102.3
2019.01,섬유제품;의복제외,63.7
2019.01,"의복,의복악세서리및모피제품",76.2
2019.01,"가죽,가방및신발",65.2
2019.01,목재및나무제품;가구제외,60.8
2019.01,"펄프,종이및종이제품",76.3
2019.01,인쇄및기록매체복제업,76.4
2019.01,화학물질및화학제품;의약품제외,78.1
2019.01,의료용물질및의약품,90.9
2019.01,고무제품및플라스틱제품,70.2
2019.01,비금속광물제품,66.2
2019.01,1차금속,76.5
2019.01,금속가공제품;기계및가구제외,70.3
2019.01,"전자부품,컴퓨터,영상,음향및통신장비",83.9
2019.01,"의료,정밀,광학기기및시계",77
2019.01,전기장비,74.5
2019.01,기타기계및장비,69
2019.01,자동차및트레일러,77.9
2019.01,기타운송장비,71.7
2019.01,가구,66.5
2019.01,기타제품,77.4
2019.01,비제조업,74.2
2019.01,건설업,67.7
2019.01,도매 및 소매업,74
2019.01,운수업,66.4
2019.01,숙박 및 음식점업,66.6
2019.01,"출판,영상,방송통신 및 정보서비스업",87.4
2019.01,부동산업 및 임대업,75.8
2019.01,"전문,과학 및 기술서비스업",80.5
2019.01,사업시설관리 및 사업지원서비스업,80.4
2019.01,교육서비스업,88.2
2019.01,"예술,스포츠 및 여가관련서비스업",73.3
2019.01,수리 및 기타개인서비스업,67.4
2019.02,전산업,67.2
2019.02,식료품,77.7
2019.02,음료,81.8
2019.02,섬유제품;의복제외,57.4
2019.02,"의복,의복악세서리및모피제품",71.8
2019.02,"가죽,가방및신발",65.9
2019.02,목재및나무제품;가구제외,51.6
2019.02,"펄프,종이및종이제품",63.3
2019.02,인쇄및기록매체복제업,68.3
2019.02,화학물질및화학제품;의약품제외,75.2
2019.02,의료용물질및의약품,87.7
2019.02,고무제품및플라스틱제품,63.1
2019.02,비금속광물제품,66.3
2019.02,1차금속,68.4
2019.02,금속가공제품;기계및가구제외,62.5
2019.02,"전자부품,컴퓨터,영상,음향및통신장비",85.4
2019.02,"의료,정밀,광학기기및시계",77.1
2019.02,전기장비,67.8
2019.02,기타기계및장비,71.8
2019.02,자동차및트레일러,63.9
2019.02,기타운송장비,65.8
2019.02,가구,75.6
2019.02,기타제품,71.2
2019.02,비제조업,66.2
2019.02,건설업,66.1
2019.02,도매 및 소매업,62.6
2019.02,운수업,66.8
2019.02,숙박 및 음식점업,67.7
2019.02,"출판,영상,방송통신 및 정보서비스업",85.5
2019.02,부동산업 및 임대업,76.1
2019.02,"전문,과학 및 기술서비스업",76.3
2019.02,사업시설관리 및 사업지원서비스업,81.9
2019.02,교육서비스업,75
2019.02,"예술,스포츠 및 여가관련서비스업",84.2
2019.02,수리 및 기타개인서비스업,62.3
2019.03,전산업,77
2019.03,식료품,89.4
2019.03,음료,95.2
2019.03,섬유제품;의복제외,66.2
2019.03,"의복,의복악세서리및모피제품",86.2
2019.03,"가죽,가방및신발",71.6
2019.03,목재및나무제품;가구제외,60.6
2019.03,"펄프,종이및종이제품",70.9
2019.03,인쇄및기록매체복제업,81.1
2019.03,화학물질및화학제품;의약품제외,84.3
2019.03,의료용물질및의약품,89
2019.03,고무제품및플라스틱제품,82.6
2019.03,비금속광물제품,70.6
2019.03,1차금속,79.9
2019.03,금속가공제품;기계및가구제외,71.5
2019.03,"전자부품,컴퓨터,영상,음향및통신장비",88.3
2019.03,"의료,정밀,광학기기및시계",92
2019.03,전기장비,80.9
2019.03,기타기계및장비,66
2019.03,자동차및트레일러,81.3
2019.03,기타운송장비,78.6
2019.03,가구,73.6
2019.03,기타제품,80
2019.03,비제조업,76.6
2019.03,건설업,70.8
2019.03,도매 및 소매업,76.2
2019.03,운수업,81.7
2019.03,숙박 및 음식점업,69.4
2019.03,"출판,영상,방송통신 및 정보서비스업",90.7
2019.03,부동산업 및 임대업,80.2
2019.03,"전문,과학 및 기술서비스업",80.8
2019.03,사업시설관리 및 사업지원서비스업,87.3
2019.03,교육서비스업,85.4
2019.03,"예술,스포츠 및 여가관련서비스업",103.5
2019.03,수리 및 기타개인서비스업,73.2
2019.04,전산업,78
2019.04,식료품,87.7
2019.04,음료,97.8
2019.04,섬유제품;의복제외,69
2019.04,"의복,의복악세서리및모피제품",84.2
2019.04,"가죽,가방및신발",75.2
2019.04,목재및나무제품;가구제외,68.5
2019.04,"펄프,종이및종이제품",77.4
2019.04,인쇄및기록매체복제업,76.5
2019.04,화학물질및화학제품;의약품제외,83.9
2019.04,의료용물질및의약품,85
2019.04,고무제품및플라스틱제품,75.8
2019.04,비금속광물제품,86.7
2019.04,1차금속,84.1
2019.04,금속가공제품;기계및가구제외,80.8
2019.04,"전자부품,컴퓨터,영상,음향및통신장비",91.2
2019.04,"의료,정밀,광학기기및시계",89
2019.04,전기장비,77.4
2019.04,기타기계및장비,76.3
2019.04,자동차및트레일러,86.5
2019.04,기타운송장비,81.9
2019.04,가구,72.3
2019.04,기타제품,84.9
2019.04,비제조업,76.4
2019.04,건설업,74.1
2019.04,도매 및 소매업,73.5
2019.04,운수업,87.4
2019.04,숙박 및 음식점업,72.4
2019.04,"출판,영상,방송통신 및 정보서비스업",92.2
2019.04,부동산업 및 임대업,84.4
2019.04,"전문,과학 및 기술서비스업",85
2019.04,사업시설관리 및 사업지원서비스업,89.2
2019.04,교육서비스업,77.4
2019.04,"예술,스포츠 및 여가관련서비스업",106.5
2019.04,수리 및 기타개인서비스업,71.4
2019.05,전산업,78.7
2019.05,식료품,84.1
2019.05,음료,105.7
2019.05,섬유제품;의복제외,63.7
2019.05,"의복,의복악세서리및모피제품",83.6
2019.05,"가죽,가방및신발",71.5
2019.05,목재및나무제품;가구제외,71.9
2019.05,"펄프,종이및종이제품",71
2019.05,인쇄및기록매체복제업,67.5
2019.05,화학물질및화학제품;의약품제외,78
2019.05,의료용물질및의약품,88
2019.05,고무제품및플라스틱제품,74.8
2019.05,비금속광물제품,83.7
2019.05,1차금속,84.6
2019.05,금속가공제품;기계및가구제외,76.2
2019.05,"전자부품,컴퓨터,영상,음향및통신장비",87.7
2019.05,"의료,정밀,광학기기및시계",85.9
2019.05,전기장비,82.9
2019.05,기타기계및장비,79.9
2019.05,자동차및트레일러,81.9
2019.05,기타운송장비,78.7
2019.05,가구,73.2
2019.05,기타제품,79.7
2019.05,비제조업,78.2
2019.05,건설업,81.4
2019.05,도매 및 소매업,74.7
2019.05,운수업,85.3
2019.05,숙박 및 음식점업,76
2019.05,"출판,영상,방송통신 및 정보서비스업",90.2
2019.05,부동산업 및 임대업,80.7
2019.05,"전문,과학 및 기술서비스업",82.5
2019.05,사업시설관리 및 사업지원서비스업,90
2019.05,교육서비스업,84.6
2019.05,"예술,스포츠 및 여가관련서비스업",103
2019.05,수리 및 기타개인서비스업,74.9
2019.06,전산업,76.3
2019.06,식료품,82.1
2019.06,음료,108
2019.06,섬유제품;의복제외,66.5
2019.06,"의복,의복악세서리및모피제품",79.1
2019.06,"가죽,가방및신발",67.6
2019.06,목재및나무제품;가구제외,63.6
2019.06,"펄프,종이및종이제품",69.2
2019.06,인쇄및기록매체복제업,64.8
2019.06,화학물질및화학제품;의약품제외,76.7
2019.06,의료용물질및의약품,84.4
2019.06,고무제품및플라스틱제품,75.8
2019.06,비금속광물제품,86.1
2019.06,1차금속,74.4
2019.06,금속가공제품;기계및가구제외,78.2
2019.06,"전자부품,컴퓨터,영상,음향및통신장비",92.9
2019.06,"의료,정밀,광학기기및시계",81.6
2019.06,전기장비,84.6
2019.06,기타기계및장비,77.8
2019.06,자동차및트레일러,76.7
2019.06,기타운송장비,69
2019.06,가구,70.9
2019.06,기타제품,74.8
2019.06,비제조업,75.3
2019.06,건설업,80.9
2019.06,도매 및 소매업,71.2
2019.06,운수업,79.7
2019.06,숙박 및 음식점업,63.7
2019.06,"출판,영상,방송통신 및 정보서비스업",91.1
2019.06,부동산업 및 임대업,85.5
2019.06,"전문,과학 및 기술서비스업",83.5
2019.06,사업시설관리 및 사업지원서비스업,87.3
2019.06,교육서비스업,77.4
2019.06,"예술,스포츠 및 여가관련서비스업",91.7
2019.06,수리 및 기타개인서비스업,75.5
2019.07,전산업,75.3
2019.07,식료품,86.4
2019.07,음료,92.5
2019.07,섬유제품;의복제외,59.1
2019.07,"의복,의복악세서리및모피제품",72.6
2019.07,"가죽,가방및신발",65.1
2019.07,목재및나무제품;가구제외,60.2
2019.07,"펄프,종이및종이제품",73.2
2019.07,인쇄및기록매체복제업,64.8
2019.07,화학물질및화학제품;의약품제외,78.6
2019.07,의료용물질및의약품,83.2
2019.07,고무제품및플라스틱제품,75.2
2019.07,비금속광물제품,78.1
2019.07,1차금속,68.1
2019.07,금속가공제품;기계및가구제외,79.6
2019.07,"전자부품,컴퓨터,영상,음향및통신장비",84.4
2019.07,"의료,정밀,광학기기및시계",80.9
2019.07,전기장비,79.2
2019.07,기타기계및장비,73.3
2019.07,자동차및트레일러,75.1
2019.07,기타운송장비,68.1
2019.07,가구,65.4
2019.07,기타제품,73.7
2019.07,비제조업,75
2019.07,건설업,80.1
2019.07,도매 및 소매업,71.5
2019.07,운수업,78.1
2019.07,숙박 및 음식점업,67.1
2019.07,"출판,영상,방송통신 및 정보서비스업",92.2
2019.07,부동산업 및 임대업,85.2
2019.07,"전문,과학 및 기술서비스업",78
2019.07,사업시설관리 및 사업지원서비스업,85.9
2019.07,교육서비스업,85.5
2019.07,"예술,스포츠 및 여가관련서비스업",86.1
2019.07,수리 및 기타개인서비스업,65.8
2019.08,전산업,71.4
2019.08,식료품,75.9
2019.08,음료,97.2
2019.08,섬유제품;의복제외,58.9
2019.08,"의복,의복악세서리및모피제품",66.9
2019.08,"가죽,가방및신발",65.6
2019.08,목재및나무제품;가구제외,69.5
2019.08,"펄프,종이및종이제품",72.9
2019.08,인쇄및기록매체복제업,60.8
2019.08,화학물질및화학제품;의약품제외,76.2
2019.08,의료용물질및의약품,80.4
2019.08,고무제품및플라스틱제품,71
2019.08,비금속광물제품,72.5
2019.08,1차금속,65.2
2019.08,금속가공제품;기계및가구제외,73.6
2019.08,"전자부품,컴퓨터,영상,음향및통신장비",82.1
2019.08,"의료,정밀,광학기기및시계",77.3
2019.08,전기장비,75.3
2019.08,기타기계및장비,74.1
2019.08,자동차및트레일러,67.2
2019.08,기타운송장비,73.5
2019.08,가구,69.4
2019.08,기타제품,76.7
2019.08,비제조업,70.8
2019.08,건설업,77.1
2019.08,도매 및 소매업,65.2
2019.08,운수업,76.5
2019.08,숙박 및 음식점업,71.5
2019.08,"출판,영상,방송통신 및 정보서비스업",88.3
2019.08,부동산업 및 임대업,78.3
2019.08,"전문,과학 및 기술서비스업",80.5
2019.08,사업시설관리 및 사업지원서비스업,86.3
2019.08,교육서비스업,83.2
2019.08,"예술,스포츠 및 여가관련서비스업",81.9
2019.08,수리 및 기타개인서비스업,68.1
2019.09,전산업,75
2019.09,식료품,85.4
2019.09,음료,95.4
2019.09,섬유제품;의복제외,67
2019.09,"의복,의복악세서리및모피제품",69.3
2019.09,"가죽,가방및신발",68
2019.09,목재및나무제품;가구제외,64.7
2019.09,"펄프,종이및종이제품",74.1
2019.09,인쇄및기록매체복제업,70.8
2019.09,화학물질및화학제품;의약품제외,78
2019.09,의료용물질및의약품,82.7
2019.09,고무제품및플라스틱제품,72.3
2019.09,비금속광물제품,71.4
2019.09,1차금속,69.3
2019.09,금속가공제품;기계및가구제외,73
2019.09,"전자부품,컴퓨터,영상,음향및통신장비",84.6
2019.09,"의료,정밀,광학기기및시계",85.8
2019.09,전기장비,67.6
2019.09,기타기계및장비,66.3
2019.09,자동차및트레일러,72
2019.09,기타운송장비,62.7
2019.09,가구,68.1
2019.09,기타제품,75.2
2019.09,비제조업,76.2
2019.09,건설업,83.7
2019.09,도매 및 소매업,72.9
2019.09,운수업,75
2019.09,숙박 및 음식점업,68
2019.09,"출판,영상,방송통신 및 정보서비스업",87.9
2019.09,부동산업 및 임대업,77.6
2019.09,"전문,과학 및 기술서비스업",81.7
2019.09,사업시설관리 및 사업지원서비스업,88.2
2019.09,교육서비스업,79.9
2019.09,"예술,스포츠 및 여가관련서비스업",85
2019.09,수리 및 기타개인서비스업,70.8
2019.1,전산업,77.5
2019.1,식료품,86.5
2019.1,음료,86.1
2019.1,섬유제품;의복제외,66.1
2019.1,"의복,의복악세서리및모피제품",75.9
2019.1,"가죽,가방및신발",77.8
2019.1,목재및나무제품;가구제외,66.8
2019.1,"펄프,종이및종이제품",74.9
2019.1,인쇄및기록매체복제업,79.9
2019.1,화학물질및화학제품;의약품제외,83.8
2019.1,의료용물질및의약품,92.8
2019.1,고무제품및플라스틱제품,69.1
2019.1,비금속광물제품,81
2019.1,1차금속,72.1
2019.1,금속가공제품;기계및가구제외,82.1
2019.1,"전자부품,컴퓨터,영상,음향및통신장비",80.5
2019.1,"의료,정밀,광학기기및시계",86.5
2019.1,전기장비,76.3
2019.1,기타기계및장비,73
2019.1,자동차및트레일러,74
2019.1,기타운송장비,68.6
2019.1,가구,69.7
2019.1,기타제품,82.3
2019.1,비제조업,77.8
2019.1,건설업,80
2019.1,도매 및 소매업,74.5
2019.1,운수업,80.6
2019.1,숙박 및 음식점업,76.6
2019.1,"출판,영상,방송통신 및 정보서비스업",89.9
2019.1,부동산업 및 임대업,81
2019.1,"전문,과학 및 기술서비스업",86.1
2019.1,사업시설관리 및 사업지원서비스업,90
2019.1,교육서비스업,84.5
2019.1,"예술,스포츠 및 여가관련서비스업",103.9
2019.1,수리 및 기타개인서비스업,79.4
2019.11,전산업,77.5
2019.11,식료품,84.4
2019.11,음료,96.2
2019.11,섬유제품;의복제외,61.3
2019.11,"의복,의복악세서리및모피제품",79
2019.11,"가죽,가방및신발",78.5
2019.11,목재및나무제품;가구제외,72.7
2019.11,"펄프,종이및종이제품",74.1
2019.11,인쇄및기록매체복제업,84.8
2019.11,화학물질및화학제품;의약품제외,80.4
2019.11,의료용물질및의약품,92.5
2019.11,고무제품및플라스틱제품,75
2019.11,비금속광물제품,79.4
2019.11,1차금속,79
2019.11,금속가공제품;기계및가구제외,82.3
2019.11,"전자부품,컴퓨터,영상,음향및통신장비",85.7
2019.11,"의료,정밀,광학기기및시계",87.6
2019.11,전기장비,75.2
2019.11,기타기계및장비,75.9
2019.11,자동차및트레일러,79.3
2019.11,기타운송장비,77.2
2019.11,가구,76.2
2019.11,기타제품,80.1
2019.11,비제조업,76.9
2019.11,건설업,81
2019.11,도매 및 소매업,72.9
2019.11,운수업,82.1
2019.11,숙박 및 음식점업,75.2
2019.11,"출판,영상,방송통신 및 정보서비스업",91.8
2019.11,부동산업 및 임대업,85.2
2019.11,"전문,과학 및 기술서비스업",82.7
2019.11,사업시설관리 및 사업지원서비스업,86.8
2019.11,교육서비스업,78.9
2019.11,"예술,스포츠 및 여가관련서비스업",87.9
2019.11,수리 및 기타개인서비스업,76.3
2019.12,전산업,77.2
2019.12,식료품,86.7
2019.12,음료,83.2
2019.12,섬유제품;의복제외,61.3
2019.12,"의복,의복악세서리및모피제품",79
2019.12,"가죽,가방및신발",78.4
2019.12,목재및나무제품;가구제외,71.7
2019.12,"펄프,종이및종이제품",74.6
2019.12,인쇄및기록매체복제업,89.3
2019.12,화학물질및화학제품;의약품제외,85.7
2019.12,의료용물질및의약품,81.7
2019.12,고무제품및플라스틱제품,66.9
2019.12,비금속광물제품,76.6
2019.12,1차금속,72.9
2019.12,금속가공제품;기계및가구제외,76.3
2019.12,"전자부품,컴퓨터,영상,음향및통신장비",88.1
2019.12,"의료,정밀,광학기기및시계",81.2
2019.12,전기장비,83.8
2019.12,기타기계및장비,72.9
2019.12,자동차및트레일러,77.2
2019.12,기타운송장비,73.8
2019.12,가구,80.8
2019.12,기타제품,75.8
2019.12,비제조업,77.3
2019.12,건설업,83.9
2019.12,도매 및 소매업,71.4
2019.12,운수업,74.1
2019.12,숙박 및 음식점업,91
2019.12,"출판,영상,방송통신 및 정보서비스업",98.7
2019.12,부동산업 및 임대업,81.1
2019.12,"전문,과학 및 기술서비스업",88.1
2019.12,사업시설관리 및 사업지원서비스업,86.3
2019.12,교육서비스업,88
2019.12,"예술,스포츠 및 여가관련서비스업",80.3
2019.12,수리 및 기타개인서비스업,79.9
2020.01,전산업,73.8
2020.01,식료품,86.8
2020.01,음료,101.2
2020.01,섬유제품;의복제외,55.3
2020.01,"의복,의복악세서리및모피제품",73.3
2020.01,"가죽,가방및신발",64.5
2020.01,목재및나무제품;가구제외,66.8
2020.01,"펄프,종이및종이제품",73.1
2020.01,인쇄및기록매체복제업,71.1
2020.01,화학물질및화학제품;의약품제외,79.2
2020.01,의료용물질및의약품,86.7
2020.01,고무제품및플라스틱제품,63.2
2020.01,비금속광물제품,62.4
2020.01,1차금속,73.8
2020.01,금속가공제품;기계및가구제외,70.9
2020.01,"전자부품,컴퓨터,영상,음향및통신장비",86.7
2020.01,"의료,정밀,광학기기및시계",81.5
2020.01,전기장비,71.6
2020.01,기타기계및장비,68.9
2020.01,자동차및트레일러,71.4
2020.01,기타운송장비,67.6
2020.01,가구,72.3
2020.01,기타제품,75.9
2020.01,비제조업,74.5
2020.01,건설업,74.2
2020.01,도매 및 소매업,72.7
2020.01,운수업,76.2
2020.01,숙박 및 음식점업,67
2020.01,"출판,영상,방송통신 및 정보서비스업",93
2020.01,부동산업 및 임대업,78.7
2020.01,"전문,과학 및 기술서비스업",82.9
2020.01,사업시설관리 및 사업지원서비스업,79
2020.01,교육서비스업,89.1
2020.01,"예술,스포츠 및 여가관련서비스업",78
2020.01,수리 및 기타개인서비스업,73.2
2020.02,전산업,64.2
2020.02,식료품,68.3
2020.02,음료,71.1
2020.02,섬유제품;의복제외,56.8
2020.02,"의복,의복악세서리및모피제품",69.5
2020.02,"가죽,가방및신발",51.6
2020.02,목재및나무제품;가구제외,50.3
2020.02,"펄프,종이및종이제품",58
2020.02,인쇄및기록매체복제업,68.7
2020.02,화학물질및화학제품;의약품제외,79.3
2020.02,의료용물질및의약품,80.4
2020.02,고무제품및플라스틱제품,58.8
2020.02,비금속광물제품,62.1
2020.02,1차금속,64.6
2020.02,금속가공제품;기계및가구제외,67.4
2020.02,"전자부품,컴퓨터,영상,음향및통신장비",76.3
2020.02,"의료,정밀,광학기기및시계",75
2020.02,전기장비,69.8
2020.02,기타기계및장비,70.7
2020.02,자동차및트레일러,58.2
2020.02,기타운송장비,67.4
2020.02,가구,75.8
2020.02,기타제품,70.3
2020.02,비제조업,62.7
2020.02,건설업,68.9
2020.02,도매 및 소매업,57.9
2020.02,운수업,68.5
2020.02,숙박 및 음식점업,41.9
2020.02,"출판,영상,방송통신 및 정보서비스업",88.2
2020.02,부동산업 및 임대업,75.7
2020.02,"전문,과학 및 기술서비스업",78.2
2020.02,사업시설관리 및 사업지원서비스업,75
2020.02,교육서비스업,78.2
2020.02,"예술,스포츠 및 여가관련서비스업",72.4
2020.02,수리 및 기타개인서비스업,58.4
2020.03,전산업,54
2020.03,식료품,65.4
2020.03,음료,63.1
2020.03,섬유제품;의복제외,45.5
2020.03,"의복,의복악세서리및모피제품",50.4
2020.03,"가죽,가방및신발",48.8
2020.03,목재및나무제품;가구제외,67
2020.03,"펄프,종이및종이제품",55.1
2020.03,인쇄및기록매체복제업,42.8
2020.03,화학물질및화학제품;의약품제외,74.2
2020.03,의료용물질및의약품,58.2
2020.03,고무제품및플라스틱제품,67.1
2020.03,비금속광물제품,61
2020.03,1차금속,69.4
2020.03,금속가공제품;기계및가구제외,61.3
2020.03,"전자부품,컴퓨터,영상,음향및통신장비",80.7
2020.03,"의료,정밀,광학기기및시계",65.4
2020.03,전기장비,62.9
2020.03,기타기계및장비,63.7
2020.03,자동차및트레일러,71
2020.03,기타운송장비,66.7
2020.03,가구,56.5
2020.03,기타제품,61.3
2020.03,비제조업,48.6
2020.03,건설업,60.8
2020.03,도매 및 소매업,44.6
2020.03,운수업,44.5
2020.03,숙박 및 음식점업,20
2020.03,"출판,영상,방송통신 및 정보서비스업",69.9
2020.03,부동산업 및 임대업,56.7
2020.03,"전문,과학 및 기술서비스업",60.8
2020.03,사업시설관리 및 사업지원서비스업,67.4
2020.03,교육서비스업,30.2
2020.03,"예술,스포츠 및 여가관련서비스업",38.1
2020.03,수리 및 기타개인서비스업,38.3
2020.04,전산업,53.6
2020.04,식료품,61.8
2020.04,음료,85.1
2020.04,섬유제품;의복제외,30.7
2020.04,"의복,의복악세서리및모피제품",38.8
2020.04,"가죽,가방및신발",41.2
2020.04,목재및나무제품;가구제외,59
2020.04,"펄프,종이및종이제품",51.2
2020.04,인쇄및기록매체복제업,37.9
2020.04,화학물질및화학제품;의약품제외,67.1
2020.04,의료용물질및의약품,64.9
2020.04,고무제품및플라스틱제품,56.6
2020.04,비금속광물제품,68.6
2020.04,1차금속,60.5
2020.04,금속가공제품;기계및가구제외,50.7
2020.04,"전자부품,컴퓨터,영상,음향및통신장비",71.3
2020.04,"의료,정밀,광학기기및시계",56.9
2020.04,전기장비,59.7
2020.04,기타기계및장비,61.2
2020.04,자동차및트레일러,58.2
2020.04,기타운송장비,71.3
2020.04,가구,46.5
2020.04,기타제품,56.2
2020.04,비제조업,51.5
2020.04,건설업,64.9
2020.04,도매 및 소매업,45.8
2020.04,운수업,45.5
2020.04,숙박 및 음식점업,35.9
2020.04,"출판,영상,방송통신 및 정보서비스업",74
2020.04,부동산업 및 임대업,57.4
2020.04,"전문,과학 및 기술서비스업",63.7
2020.04,사업시설관리 및 사업지원서비스업,70
2020.04,교육서비스업,41.5
2020.04,"예술,스포츠 및 여가관련서비스업",55.6
2020.04,수리 및 기타개인서비스업,48.3
2020.05,전산업,55.7
2020.05,식료품,69.1
2020.05,음료,87.8
2020.05,섬유제품;의복제외,33
2020.05,"의복,의복악세서리및모피제품",56.6
2020.05,"가죽,가방및신발",43.3
2020.05,목재및나무제품;가구제외,57.1
2020.05,"펄프,종이및종이제품",50.4
2020.05,인쇄및기록매체복제업,40.7
2020.05,화학물질및화학제품;의약품제외,67
2020.05,의료용물질및의약품,76
2020.05,고무제품및플라스틱제품,52.9
2020.05,비금속광물제품,63.3
2020.05,1차금속,54.8
2020.05,금속가공제품;기계및가구제외,51.4
2020.05,"전자부품,컴퓨터,영상,음향및통신장비",58.4
2020.05,"의료,정밀,광학기기및시계",60
2020.05,전기장비,59.2
2020.05,기타기계및장비,58.8
2020.05,자동차및트레일러,42.2
2020.05,기타운송장비,72.2
2020.05,가구,59.3
2020.05,기타제품,57.3
2020.05,비제조업,55.6
2020.05,건설업,66.9
2020.05,도매 및 소매업,49.9
2020.05,운수업,57.6
2020.05,숙박 및 음식점업,54.5
2020.05,"출판,영상,방송통신 및 정보서비스업",74.5
2020.05,부동산업 및 임대업,57.8
2020.05,"전문,과학 및 기술서비스업",63.8
2020.05,사업시설관리 및 사업지원서비스업,63.7
2020.05,교육서비스업,54.9
2020.05,"예술,스포츠 및 여가관련서비스업",62.5
2020.05,수리 및 기타개인서비스업,50.8
2020.06,전산업,60.4
2020.06,식료품,65.9
2020.06,음료,78.5
2020.06,섬유제품;의복제외,46.9
2020.06,"의복,의복악세서리및모피제품",54.6
2020.06,"가죽,가방및신발",41.5
2020.06,목재및나무제품;가구제외,58.8
2020.06,"펄프,종이및종이제품",56.5
2020.06,인쇄및기록매체복제업,52.8
2020.06,화학물질및화학제품;의약품제외,62.5
2020.06,의료용물질및의약품,85.3
2020.06,고무제품및플라스틱제품,60.4
2020.06,비금속광물제품,52
2020.06,1차금속,58.3
2020.06,금속가공제품;기계및가구제외,60.8
2020.06,"전자부품,컴퓨터,영상,음향및통신장비",73
2020.06,"의료,정밀,광학기기및시계",57.6
2020.06,전기장비,57.4
2020.06,기타기계및장비,64.5
2020.06,자동차및트레일러,50.9
2020.06,기타운송장비,67.2
2020.06,가구,55.1
2020.06,기타제품,56.9
2020.06,비제조업,60.6
2020.06,건설업,67.5
2020.06,도매 및 소매업,55.9
2020.06,운수업,61.4
2020.06,숙박 및 음식점업,59.1
2020.06,"출판,영상,방송통신 및 정보서비스업",77.7
2020.06,부동산업 및 임대업,67.1
2020.06,"전문,과학 및 기술서비스업",74.8
2020.06,사업시설관리 및 사업지원서비스업,69.6
2020.06,교육서비스업,59.7
2020.06,"예술,스포츠 및 여가관련서비스업",68.6
2020.06,수리 및 기타개인서비스업,57.2
2020.07,전산업,63
2020.07,식료품,69.5
2020.07,음료,80.6
2020.07,섬유제품;의복제외,40.6
2020.07,"의복,의복악세서리및모피제품",61.5
2020.07,"가죽,가방및신발",48
2020.07,목재및나무제품;가구제외,55.2
2020.07,"펄프,종이및종이제품",63.9
2020.07,인쇄및기록매체복제업,50.7
2020.07,화학물질및화학제품;의약품제외,67.4
2020.07,의료용물질및의약품,87.1
2020.07,고무제품및플라스틱제품,65.1
2020.07,비금속광물제품,60.2
2020.07,1차금속,68.5
2020.07,금속가공제품;기계및가구제외,70.1
2020.07,"전자부품,컴퓨터,영상,음향및통신장비",77.8
2020.07,"의료,정밀,광학기기및시계",65.5
2020.07,전기장비,62
2020.07,기타기계및장비,69.5
2020.07,자동차및트레일러,68.2
2020.07,기타운송장비,68.4
2020.07,가구,66.3
2020.07,기타제품,64.7
2020.07,비제조업,61.2
2020.07,건설업,70.2
2020.07,도매 및 소매업,55.1
2020.07,운수업,61.7
2020.07,숙박 및 음식점업,61
2020.07,"출판,영상,방송통신 및 정보서비스업",79
2020.07,부동산업 및 임대업,71.9
2020.07,"전문,과학 및 기술서비스업",72.8
2020.07,사업시설관리 및 사업지원서비스업,74.5
2020.07,교육서비스업,71.4
2020.07,"예술,스포츠 및 여가관련서비스업",65.8
2020.07,수리 및 기타개인서비스업,64.6
2020.08,전산업,58.5
2020.08,식료품,67.5
2020.08,음료,95
2020.08,섬유제품;의복제외,43.7
2020.08,"의복,의복악세서리및모피제품",62.3
2020.08,"가죽,가방및신발",47.5
2020.08,목재및나무제품;가구제외,57.1
2020.08,"펄프,종이및종이제품",65.6
2020.08,인쇄및기록매체복제업,50.3
2020.08,화학물질및화학제품;의약품제외,72.6
2020.08,의료용물질및의약품,84
2020.08,고무제품및플라스틱제품,57.1
2020.08,비금속광물제품,56.9
2020.08,1차금속,63.9
2020.08,금속가공제품;기계및가구제외,67.4
2020.08,"전자부품,컴퓨터,영상,음향및통신장비",71.7
2020.08,"의료,정밀,광학기기및시계",66.7
2020.08,전기장비,67.3
2020.08,기타기계및장비,66
2020.08,자동차및트레일러,74.2
2020.08,기타운송장비,65.1
2020.08,가구,60.9
2020.08,기타제품,67.8
2020.08,비제조업,55.1
2020.08,건설업,66.8
2020.08,도매 및 소매업,47.5
2020.08,운수업,68.1
2020.08,숙박 및 음식점업,50.7
2020.08,"출판,영상,방송통신 및 정보서비스업",73
2020.08,부동산업 및 임대업,63.4
2020.08,"전문,과학 및 기술서비스업",68.8
2020.08,사업시설관리 및 사업지원서비스업,68.6
2020.08,교육서비스업,65.3
2020.08,"예술,스포츠 및 여가관련서비스업",53.5
2020.08,수리 및 기타개인서비스업,57.1
2020.09,전산업,63
2020.09,식료품,71.8
2020.09,음료,93.6
2020.09,섬유제품;의복제외,53.1
2020.09,"의복,의복악세서리및모피제품",64.2
2020.09,"가죽,가방및신발",49.3
2020.09,목재및나무제품;가구제외,66.4
2020.09,"펄프,종이및종이제품",76.6
2020.09,인쇄및기록매체복제업,59.9
2020.09,화학물질및화학제품;의약품제외,70.4
2020.09,의료용물질및의약품,83.7
2020.09,고무제품및플라스틱제품,70.1
2020.09,비금속광물제품,63.8
2020.09,1차금속,72.8
2020.09,금속가공제품;기계및가구제외,74.8
2020.09,"전자부품,컴퓨터,영상,음향및통신장비",73.7
2020.09,"의료,정밀,광학기기및시계",68.5
2020.09,전기장비,57.9
2020.09,기타기계및장비,62.6
2020.09,자동차및트레일러,79.8
2020.09,기타운송장비,62.6
2020.09,가구,58.6
2020.09,기타제품,64.1
2020.09,비제조업,60.2
2020.09,건설업,66.4
2020.09,도매 및 소매업,58.4
2020.09,운수업,58.6
2020.09,숙박 및 음식점업,36
2020.09,"출판,영상,방송통신 및 정보서비스업",75.4
2020.09,부동산업 및 임대업,63.8
2020.09,"전문,과학 및 기술서비스업",68.3
2020.09,사업시설관리 및 사업지원서비스업,74
2020.09,교육서비스업,41.7
2020.09,"예술,스포츠 및 여가관련서비스업",50.9
2020.09,수리 및 기타개인서비스업,55.8
2020.1,전산업,66.8
2020.1,식료품,73.9
2020.1,음료,74.9
2020.1,섬유제품;의복제외,62.9
2020.1,"의복,의복악세서리및모피제품",74.4
2020.1,"가죽,가방및신발",50.7
2020.1,목재및나무제품;가구제외,68.2
2020.1,"펄프,종이및종이제품",75
2020.1,인쇄및기록매체복제업,68.7
2020.1,화학물질및화학제품;의약품제외,80.9
2020.1,의료용물질및의약품,87.5
2020.1,고무제품및플라스틱제품,68.5
2020.1,비금속광물제품,77
2020.1,1차금속,78.4
2020.1,금속가공제품;기계및가구제외,66.9
2020.1,"전자부품,컴퓨터,영상,음향및통신장비",77.5
2020.1,"의료,정밀,광학기기및시계",77.4
2020.1,전기장비,70.5
2020.1,기타기계및장비,65.9
2020.1,자동차및트레일러,89
2020.1,기타운송장비,67.1
2020.1,가구,65.6
2020.1,기타제품,75.2
2020.1,비제조업,63.9
2020.1,건설업,66.1
2020.1,도매 및 소매업,62.1
2020.1,운수업,62.4
2020.1,숙박 및 음식점업,49.4
2020.1,"출판,영상,방송통신 및 정보서비스업",77.8
2020.1,부동산업 및 임대업,62.4
2020.1,"전문,과학 및 기술서비스업",75.5
2020.1,사업시설관리 및 사업지원서비스업,78.6
2020.1,교육서비스업,55.3
2020.1,"예술,스포츠 및 여가관련서비스업",72.9
2020.1,수리 및 기타개인서비스업,63
2020.11,전산업,69.3
2020.11,식료품,73.5
2020.11,음료,86.2
2020.11,섬유제품;의복제외,59.5
2020.11,"의복,의복악세서리및모피제품",73.3
2020.11,"가죽,가방및신발",62.6
2020.11,목재및나무제품;가구제외,67.1
2020.11,"펄프,종이및종이제품",69.6
2020.11,인쇄및기록매체복제업,76.8
2020.11,화학물질및화학제품;의약품제외,73.5
2020.11,의료용물질및의약품,78.1
2020.11,고무제품및플라스틱제품,70.1
2020.11,비금속광물제품,74.1
2020.11,1차금속,74.8
2020.11,금속가공제품;기계및가구제외,76.9
2020.11,"전자부품,컴퓨터,영상,음향및통신장비",81.9
2020.11,"의료,정밀,광학기기및시계",76.7
2020.11,전기장비,67.4
2020.11,기타기계및장비,75.2
2020.11,자동차및트레일러,88.5
2020.11,기타운송장비,61.9
2020.11,가구,64.8
2020.11,기타제품,78.9
2020.11,비제조업,66.7
2020.11,건설업,71
2020.11,도매 및 소매업,64.7
2020.11,운수업,71.6
2020.11,숙박 및 음식점업,50
2020.11,"출판,영상,방송통신 및 정보서비스업",81.1
2020.11,부동산업 및 임대업,70.1
2020.11,"전문,과학 및 기술서비스업",69.2
2020.11,사업시설관리 및 사업지원서비스업,78
2020.11,교육서비스업,59.4
2020.11,"예술,스포츠 및 여가관련서비스업",61.8
2020.11,수리 및 기타개인서비스업,67
2020.12,전산업,60.7
2020.12,식료품,68
2020.12,음료,80.9
2020.12,섬유제품;의복제외,53.6
2020.12,"의복,의복악세서리및모피제품",67.1
2020.12,"가죽,가방및신발",51.3
2020.12,목재및나무제품;가구제외,57
2020.12,"펄프,종이및종이제품",72.2
2020.12,인쇄및기록매체복제업,74.5
2020.12,화학물질및화학제품;의약품제외,75.6
2020.12,의료용물질및의약품,72.4
2020.12,고무제품및플라스틱제품,65.4
2020.12,비금속광물제품,69.4
2020.12,1차금속,70.1
2020.12,금속가공제품;기계및가구제외,70.9
2020.12,"전자부품,컴퓨터,영상,음향및통신장비",82.2
2020.12,"의료,정밀,광학기기및시계",75.5
2020.12,전기장비,68.2
2020.12,기타기계및장비,71.8
2020.12,자동차및트레일러,74.5
2020.12,기타운송장비,65.3
2020.12,가구,63.1
2020.12,기타제품,68.7
2020.12,비제조업,55.8
2020.12,건설업,60
2020.12,도매 및 소매업,52.9
2020.12,운수업,58.1
2020.12,숙박 및 음식점업,27.5
2020.12,"출판,영상,방송통신 및 정보서비스업",71
2020.12,부동산업 및 임대업,69.4
2020.12,"전문,과학 및 기술서비스업",77
2020.12,사업시설관리 및 사업지원서비스업,72.6
2020.12,교육서비스업,43.8
2020.12,"예술,스포츠 및 여가관련서비스업",39.7
2020.12,수리 및 기타개인서비스업,59.5
2021.01,전산업,63.2
2021.01,식료품,78.3
2021.01,음료,81.1
2021.01,섬유제품;의복제외,56.7
2021.01,"의복,의복악세서리및모피제품",61.3
2021.01,"가죽,가방및신발",50.9
2021.01,목재및나무제품;가구제외,57.4
2021.01,"펄프,종이및종이제품",69.3
2021.01,인쇄및기록매체복제업,66.8
2021.01,화학물질및화학제품;의약품제외,74.1
2021.01,의료용물질및의약품,84.8
2021.01,고무제품및플라스틱제품,66.5
2021.01,비금속광물제품,56
2021.01,1차금속,70.8
2021.01,금속가공제품;기계및가구제외,65.7
2021.01,"전자부품,컴퓨터,영상,음향및통신장비",81
2021.01,"의료,정밀,광학기기및시계",68.5
2021.01,전기장비,74.3
2021.01,기타기계및장비,71.3
2021.01,자동차및트레일러,79.2
2021.01,기타운송장비,71.8
2021.01,가구,63.8
2021.01,기타제품,53.8
2021.01,비제조업,59.7
2021.01,건설업,62.4
2021.01,도매 및 소매업,59.7
2021.01,운수업,61.9
2021.01,숙박 및 음식점업,29.3
2021.01,"출판,영상,방송통신 및 정보서비스업",71.2
2021.01,부동산업 및 임대업,61.3
2021.01,"전문,과학 및 기술서비스업",68.9
2021.01,사업시설관리 및 사업지원서비스업,69.8
2021.01,교육서비스업,57.2
2021.01,"예술,스포츠 및 여가관련서비스업",33.6
2021.01,수리 및 기타개인서비스업,57.2
2021.02,전산업,62.3
2021.02,식료품,76.7
2021.02,음료,68.4
2021.02,섬유제품;의복제외,61.2
2021.02,"의복,의복악세서리및모피제품",56
2021.02,"가죽,가방및신발",48.4
2021.02,목재및나무제품;가구제외,60.8
2021.02,"펄프,종이및종이제품",71.4
2021.02,인쇄및기록매체복제업,59.5
2021.02,화학물질및화학제품;의약품제외,70.2
2021.02,의료용물질및의약품,72.5
2021.02,고무제품및플라스틱제품,60.2
2021.02,비금속광물제품,69.4
2021.02,1차금속,67.9
2021.02,금속가공제품;기계및가구제외,65.8
2021.02,"전자부품,컴퓨터,영상,음향및통신장비",73.7
2021.02,"의료,정밀,광학기기및시계",74.4
2021.02,전기장비,65.5
2021.02,기타기계및장비,74.7
2021.02,자동차및트레일러,74.7
2021.02,기타운송장비,75.7
2021.02,가구,73.1
2021.02,기타제품,63.7
2021.02,비제조업,58.9
2021.02,건설업,64.6
2021.02,도매 및 소매업,56.7
2021.02,운수업,62.7
2021.02,숙박 및 음식점업,30.2
2021.02,"출판,영상,방송통신 및 정보서비스업",73
2021.02,부동산업 및 임대업,61
2021.02,"전문,과학 및 기술서비스업",73.9
2021.02,사업시설관리 및 사업지원서비스업,77.1
2021.02,교육서비스업,53.9
2021.02,"예술,스포츠 및 여가관련서비스업",40.8
2021.02,수리 및 기타개인서비스업,54.1
2021.03,전산업,70.4
2021.03,식료품,77
2021.03,음료,83.7
2021.03,섬유제품;의복제외,72.1
2021.03,"의복,의복악세서리및모피제품",66
2021.03,"가죽,가방및신발",56.2
2021.03,목재및나무제품;가구제외,68.7
2021.03,"펄프,종이및종이제품",71.7
2021.03,인쇄및기록매체복제업,72.1
2021.03,화학물질및화학제품;의약품제외,79.6
2021.03,의료용물질및의약품,88.3
2021.03,고무제품및플라스틱제품,73.6
2021.03,비금속광물제품,71.8
2021.03,1차금속,69.1
2021.03,금속가공제품;기계및가구제외,71.9
2021.03,"전자부품,컴퓨터,영상,음향및통신장비",87.8
2021.03,"의료,정밀,광학기기및시계",76.4
2021.03,전기장비,70.1
2021.03,기타기계및장비,73.1
2021.03,자동차및트레일러,97.3
2021.03,기타운송장비,76.4
2021.03,가구,64.7
2021.03,기타제품,74
2021.03,비제조업,67.9
2021.03,건설업,66
2021.03,도매 및 소매업,66.9
2021.03,운수업,69.2
2021.03,숙박 및 음식점업,62.6
2021.03,"출판,영상,방송통신 및 정보서비스업",77.9
2021.03,부동산업 및 임대업,71.4
2021.03,"전문,과학 및 기술서비스업",76.5
2021.03,사업시설관리 및 사업지원서비스업,76.6
2021.03,교육서비스업,69.9
2021.03,"예술,스포츠 및 여가관련서비스업",80.9
2021.03,수리 및 기타개인서비스업,62.2
2021.04,전산업,72.9
2021.04,식료품,78.7
2021.04,음료,95.2
2021.04,섬유제품;의복제외,79.3
2021.04,"의복,의복악세서리및모피제품",71.5
2021.04,"가죽,가방및신발",65.2
2021.04,목재및나무제품;가구제외,66.2
2021.04,"펄프,종이및종이제품",80.6
2021.04,인쇄및기록매체복제업,62.9
2021.04,화학물질및화학제품;의약품제외,76.2
2021.04,의료용물질및의약품,92.1
2021.04,고무제품및플라스틱제품,63.8
2021.04,비금속광물제품,73.8
2021.04,1차금속,77.4
2021.04,금속가공제품;기계및가구제외,76
2021.04,"전자부품,컴퓨터,영상,음향및통신장비",94
2021.04,"의료,정밀,광학기기및시계",80.8
2021.04,전기장비,69.4
2021.04,기타기계및장비,77.2
2021.04,자동차및트레일러,86.6
2021.04,기타운송장비,84
2021.04,가구,61.1
2021.04,기타제품,73.8
2021.04,비제조업,71.1
2021.04,건설업,72.9
2021.04,도매 및 소매업,70.1
2021.04,운수업,74.2
2021.04,숙박 및 음식점업,58.1
2021.04,"출판,영상,방송통신 및 정보서비스업",80.2
2021.04,부동산업 및 임대업,67.7
2021.04,"전문,과학 및 기술서비스업",75.9
2021.04,사업시설관리 및 사업지원서비스업,79.6
2021.04,교육서비스업,75.4
2021.04,"예술,스포츠 및 여가관련서비스업",76.2
2021.04,수리 및 기타개인서비스업,69
2021.05,전산업,72.6
2021.05,식료품,76.9
2021.05,음료,92.8
2021.05,섬유제품;의복제외,70.2
2021.05,"의복,의복악세서리및모피제품",79.3
2021.05,"가죽,가방및신발",64.8
2021.05,목재및나무제품;가구제외,70.3
2021.05,"펄프,종이및종이제품",81.8
2021.05,인쇄및기록매체복제업,63.7
2021.05,화학물질및화학제품;의약품제외,78.9
2021.05,의료용물질및의약품,97.2
2021.05,고무제품및플라스틱제품,68.4
2021.05,비금속광물제품,77.1
2021.05,1차금속,78.1
2021.05,금속가공제품;기계및가구제외,70
2021.05,"전자부품,컴퓨터,영상,음향및통신장비",88.6
2021.05,"의료,정밀,광학기기및시계",80.4
2021.05,전기장비,75.6
2021.05,기타기계및장비,71.3
2021.05,자동차및트레일러,75.5
2021.05,기타운송장비,81
2021.05,가구,63.9
2021.05,기타제품,67.3
2021.05,비제조업,71.4
2021.05,건설업,73.7
2021.05,도매 및 소매업,70.6
2021.05,운수업,68.6
2021.05,숙박 및 음식점업,59.8
2021.05,"출판,영상,방송통신 및 정보서비스업",80.2
2021.05,부동산업 및 임대업,69.7
2021.05,"전문,과학 및 기술서비스업",78.4
2021.05,사업시설관리 및 사업지원서비스업,79.5
2021.05,교육서비스업,71.3
2021.05,"예술,스포츠 및 여가관련서비스업",79.6
2021.05,수리 및 기타개인서비스업,66.4
2021.06,전산업,72.1
2021.06,식료품,77.9
2021.06,음료,87.4
2021.06,섬유제품;의복제외,67.9
2021.06,"의복,의복악세서리및모피제품",71.7
2021.06,"가죽,가방및신발",68.1
2021.06,목재및나무제품;가구제외,67.6
2021.06,"펄프,종이및종이제품",80.3
2021.06,인쇄및기록매체복제업,58.4
2021.06,화학물질및화학제품;의약품제외,78.3
2021.06,의료용물질및의약품,91
2021.06,고무제품및플라스틱제품,71.8
2021.06,비금속광물제품,64.1
2021.06,1차금속,79.6
2021.06,금속가공제품;기계및가구제외,70.4
2021.06,"전자부품,컴퓨터,영상,음향및통신장비",86
2021.06,"의료,정밀,광학기기및시계",81.9
2021.06,전기장비,74.3
2021.06,기타기계및장비,72.9
2021.06,자동차및트레일러,87.7
2021.06,기타운송장비,80.9
2021.06,가구,66
2021.06,기타제품,80.1
2021.06,비제조업,70.5
2021.06,건설업,71.5
2021.06,도매 및 소매업,68.2
2021.06,운수업,71.2
2021.06,숙박 및 음식점업,66.3
2021.06,"출판,영상,방송통신 및 정보서비스업",84.3
2021.06,부동산업 및 임대업,71.6
2021.06,"전문,과학 및 기술서비스업",80.7
2021.06,사업시설관리 및 사업지원서비스업,77.2
2021.06,교육서비스업,78.1
2021.06,"예술,스포츠 및 여가관련서비스업",80.4
2021.06,수리 및 기타개인서비스업,70.2
2021.07,전산업,70.1
2021.07,식료품,77.2
2021.07,음료,82.5
2021.07,섬유제품;의복제외,68.9
2021.07,"의복,의복악세서리및모피제품",69.3
2021.07,"가죽,가방및신발",56.4
2021.07,목재및나무제품;가구제외,64
2021.07,"펄프,종이및종이제품",71.7
2021.07,인쇄및기록매체복제업,60
2021.07,화학물질및화학제품;의약품제외,72.8
2021.07,의료용물질및의약품,96
2021.07,고무제품및플라스틱제품,67.7
2021.07,비금속광물제품,74.9
2021.07,1차금속,82.6
2021.07,금속가공제품;기계및가구제외,70.9
2021.07,"전자부품,컴퓨터,영상,음향및통신장비",83.7
2021.07,"의료,정밀,광학기기및시계",83.6
2021.07,전기장비,72.2
2021.07,기타기계및장비,73.6
2021.07,자동차및트레일러,82.8
2021.07,기타운송장비,75.6
2021.07,가구,60.6
2021.07,기타제품,77.9
2021.07,비제조업,67.9
2021.07,건설업,71.9
2021.07,도매 및 소매업,66.5
2021.07,운수업,70.1
2021.07,숙박 및 음식점업,36.4
2021.07,"출판,영상,방송통신 및 정보서비스업",82
2021.07,부동산업 및 임대업,74
2021.07,"전문,과학 및 기술서비스업",77.4
2021.07,사업시설관리 및 사업지원서비스업,80.8
2021.07,교육서비스업,73.3
2021.07,"예술,스포츠 및 여가관련서비스업",67.7
2021.07,수리 및 기타개인서비스업,67.5
2021.08,전산업,69.2
2021.08,식료품,76.7
2021.08,음료,80.2
2021.08,섬유제품;의복제외,67.6
2021.08,"의복,의복악세서리및모피제품",66
2021.08,"가죽,가방및신발",54.6
2021.08,목재및나무제품;가구제외,69.6
2021.08,"펄프,종이및종이제품",82.1
2021.08,인쇄및기록매체복제업,48.4
2021.08,화학물질및화학제품;의약품제외,77.3
2021.08,의료용물질및의약품,95.9
2021.08,고무제품및플라스틱제품,67.1
2021.08,비금속광물제품,61.1
2021.08,1차금속,70.1
2021.08,금속가공제품;기계및가구제외,66.5
2021.08,"전자부품,컴퓨터,영상,음향및통신장비",80.5
2021.08,"의료,정밀,광학기기및시계",81.1
2021.08,전기장비,68.5
2021.08,기타기계및장비,71.7
2021.08,자동차및트레일러,72.2
2021.08,기타운송장비,79.1
2021.08,가구,61.6
2021.08,기타제품,71.1
2021.08,비제조업,68.2
2021.08,건설업,69.3
2021.08,도매 및 소매업,68.3
2021.08,운수업,69.7
2021.08,숙박 및 음식점업,48.7
2021.08,"출판,영상,방송통신 및 정보서비스업",77.2
2021.08,부동산업 및 임대업,61.7
2021.08,"전문,과학 및 기술서비스업",73.7
2021.08,사업시설관리 및 사업지원서비스업,79.3
2021.08,교육서비스업,66.6
2021.08,"예술,스포츠 및 여가관련서비스업",68.4
2021.08,수리 및 기타개인서비스업,62.1
2021.09,전산업,72.8
2021.09,식료품,93.3
2021.09,음료,89.2
2021.09,섬유제품;의복제외,65.9
2021.09,"의복,의복악세서리및모피제품",75.8
2021.09,"가죽,가방및신발",52.7
2021.09,목재및나무제품;가구제외,69.2
2021.09,"펄프,종이및종이제품",85.6
2021.09,인쇄및기록매체복제업,63.2
2021.09,화학물질및화학제품;의약품제외,73.2
2021.09,의료용물질및의약품,100.3
2021.09,고무제품및플라스틱제품,66
2021.09,비금속광물제품,66
2021.09,1차금속,73.8
2021.09,금속가공제품;기계및가구제외,78.6
2021.09,"전자부품,컴퓨터,영상,음향및통신장비",83.8
2021.09,"의료,정밀,광학기기및시계",80.2
2021.09,전기장비,58.2
2021.09,기타기계및장비,81.3
2021.09,자동차및트레일러,77.2
2021.09,기타운송장비,79.9
2021.09,가구,65.8
2021.09,기타제품,74.9
2021.09,비제조업,71.4
2021.09,건설업,69.4
2021.09,도매 및 소매업,72.3
2021.09,운수업,75.2
2021.09,숙박 및 음식점업,46.5
2021.09,"출판,영상,방송통신 및 정보서비스업",83
2021.09,부동산업 및 임대업,71.1
2021.09,"전문,과학 및 기술서비스업",77.3
2021.09,사업시설관리 및 사업지원서비스업,80.9
2021.09,교육서비스업,64.6
2021.09,"예술,스포츠 및 여가관련서비스업",76.1
2021.09,수리 및 기타개인서비스업,62.1
2021.1,전산업,74
2021.1,식료품,82.7
2021.1,음료,74.9
2021.1,섬유제품;의복제외,67.5
2021.1,"의복,의복악세서리및모피제품",78.3
2021.1,"가죽,가방및신발",49.7
2021.1,목재및나무제품;가구제외,66
2021.1,"펄프,종이및종이제품",77.5
2021.1,인쇄및기록매체복제업,75.1
2021.1,화학물질및화학제품;의약품제외,76
2021.1,의료용물질및의약품,98.6
2021.1,고무제품및플라스틱제품,69.3
2021.1,비금속광물제품,72.5
2021.1,1차금속,77.9
2021.1,금속가공제품;기계및가구제외,74.6
2021.1,"전자부품,컴퓨터,영상,음향및통신장비",88.8
2021.1,"의료,정밀,광학기기및시계",77.5
2021.1,전기장비,76.4
2021.1,기타기계및장비,71.9
2021.1,자동차및트레일러,80
2021.1,기타운송장비,79.6
2021.1,가구,68.1
2021.1,기타제품,80.6
2021.1,비제조업,73
2021.1,건설업,70.9
2021.1,도매 및 소매업,73.5
2021.1,운수업,75.1
2021.1,숙박 및 음식점업,51.9
2021.1,"출판,영상,방송통신 및 정보서비스업",82
2021.1,부동산업 및 임대업,74.8
2021.1,"전문,과학 및 기술서비스업",79.6
2021.1,사업시설관리 및 사업지원서비스업,85.1
2021.1,교육서비스업,65.5
2021.1,"예술,스포츠 및 여가관련서비스업",77.8
2021.1,수리 및 기타개인서비스업,71.1
2021.11,전산업,76.9
2021.11,식료품,84.8
2021.11,음료,78.5
2021.11,섬유제품;의복제외,73.4
2021.11,"의복,의복악세서리및모피제품",76.2
2021.11,"가죽,가방및신발",71.3
2021.11,목재및나무제품;가구제외,74.5
2021.11,"펄프,종이및종이제품",83.6
2021.11,인쇄및기록매체복제업,79.3
2021.11,화학물질및화학제품;의약품제외,85.2
2021.11,의료용물질및의약품,93.9
2021.11,고무제품및플라스틱제품,72.6
2021.11,비금속광물제품,77.1
2021.11,1차금속,76.5
2021.11,금속가공제품;기계및가구제외,75.4
2021.11,"전자부품,컴퓨터,영상,음향및통신장비",86.2
2021.11,"의료,정밀,광학기기및시계",81.3
2021.11,전기장비,73.1
2021.11,기타기계및장비,75.1
2021.11,자동차및트레일러,86.8
2021.11,기타운송장비,80.2
2021.11,가구,81.5
2021.11,기타제품,75.8
2021.11,비제조업,76.1
2021.11,건설업,74.4
2021.11,도매 및 소매업,75.8
2021.11,운수업,74.6
2021.11,숙박 및 음식점업,78.4
2021.11,"출판,영상,방송통신 및 정보서비스업",86.4
2021.11,부동산업 및 임대업,68.3
2021.11,"전문,과학 및 기술서비스업",79.8
2021.11,사업시설관리 및 사업지원서비스업,81.9
2021.11,교육서비스업,77.9
2021.11,"예술,스포츠 및 여가관련서비스업",75.9
2021.11,수리 및 기타개인서비스업,70.2
2021.12,전산업,77.1
2021.12,식료품,83
2021.12,음료,77.1
2021.12,섬유제품;의복제외,65.8
2021.12,"의복,의복악세서리및모피제품",77.3
2021.12,"가죽,가방및신발",63.4
2021.12,목재및나무제품;가구제외,64.8
2021.12,"펄프,종이및종이제품",84.6
2021.12,인쇄및기록매체복제업,84
2021.12,화학물질및화학제품;의약품제외,77.9
2021.12,의료용물질및의약품,85.8
2021.12,고무제품및플라스틱제품,61.4
2021.12,비금속광물제품,83.4
2021.12,1차금속,71.9
2021.12,금속가공제품;기계및가구제외,73.1
2021.12,"전자부품,컴퓨터,영상,음향및통신장비",90.1
2021.12,"의료,정밀,광학기기및시계",89.6
2021.12,전기장비,77.8
2021.12,기타기계및장비,83.2
2021.12,자동차및트레일러,82.6
2021.12,기타운송장비,80.6
2021.12,가구,75
2021.12,기타제품,78
2021.12,비제조업,76.8
2021.12,건설업,74.6
2021.12,도매 및 소매업,78.4
2021.12,운수업,73.2
2021.12,숙박 및 음식점업,52.4
2021.12,"출판,영상,방송통신 및 정보서비스업",89
2021.12,부동산업 및 임대업,70.2
2021.12,"전문,과학 및 기술서비스업",86.5
2021.12,사업시설관리 및 사업지원서비스업,85.4
2021.12,교육서비스업,75.7
2021.12,"예술,스포츠 및 여가관련서비스업",59.2
2021.12,수리 및 기타개인서비스업,69.8
2022.01,전산업,73.9
2022.01,식료품,83.7
2022.01,음료,83.2
2022.01,섬유제품;의복제외,71.3
2022.01,"의복,의복악세서리및모피제품",74.4
2022.01,"가죽,가방및신발",59.5
2022.01,목재및나무제품;가구제외,73.5
2022.01,"펄프,종이및종이제품",79.8
2022.01,인쇄및기록매체복제업,71.6
2022.01,화학물질및화학제품;의약품제외,75.4
2022.01,의료용물질및의약품,91.3
2022.01,고무제품및플라스틱제품,67.9
2022.01,비금속광물제품,68.7
2022.01,1차금속,70.9
2022.01,금속가공제품;기계및가구제외,73.1
2022.01,"전자부품,컴퓨터,영상,음향및통신장비",87
2022.01,"의료,정밀,광학기기및시계",77.9
2022.01,전기장비,75
2022.01,기타기계및장비,79.6
2022.01,자동차및트레일러,76.7
2022.01,기타운송장비,79.1
2022.01,가구,81.4
2022.01,기타제품,73.8
2022.01,비제조업,72.9
2022.01,건설업,68.8
2022.01,도매 및 소매업,74.7
2022.01,운수업,72.6
2022.01,숙박 및 음식점업,55.4
2022.01,"출판,영상,방송통신 및 정보서비스업",81.2
2022.01,부동산업 및 임대업,71.2
2022.01,"전문,과학 및 기술서비스업",78.1
2022.01,사업시설관리 및 사업지원서비스업,78.2
2022.01,교육서비스업,75.6
2022.01,"예술,스포츠 및 여가관련서비스업",63.3
2022.01,수리 및 기타개인서비스업,64.2
2022.02,전산업,70.2
2022.02,식료품,70.3
2022.02,음료,68.8
2022.02,섬유제품;의복제외,70.5
2022.02,"의복,의복악세서리및모피제품",71.2
2022.02,"가죽,가방및신발",58.4
2022.02,목재및나무제품;가구제외,65.8
2022.02,"펄프,종이및종이제품",70
2022.02,인쇄및기록매체복제업,60.1
2022.02,화학물질및화학제품;의약품제외,83.1
2022.02,의료용물질및의약품,87.3
2022.02,고무제품및플라스틱제품,67.8
2022.02,비금속광물제품,68.8
2022.02,1차금속,70.2
2022.02,금속가공제품;기계및가구제외,71.7
2022.02,"전자부품,컴퓨터,영상,음향및통신장비",76.3
2022.02,"의료,정밀,광학기기및시계",76.3
2022.02,전기장비,82.7
2022.02,기타기계및장비,76.1
2022.02,자동차및트레일러,76
2022.02,기타운송장비,78.9
2022.02,가구,75.8
2022.02,기타제품,77
2022.02,비제조업,68.4
2022.02,건설업,66.2
2022.02,도매 및 소매업,67.7
2022.02,운수업,75.8
2022.02,숙박 및 음식점업,53.1
2022.02,"출판,영상,방송통신 및 정보서비스업",79.5
2022.02,부동산업 및 임대업,65.9
2022.02,"전문,과학 및 기술서비스업",78.7
2022.02,사업시설관리 및 사업지원서비스업,81.2
2022.02,교육서비스업,74
2022.02,"예술,스포츠 및 여가관련서비스업",62.9
2022.02,수리 및 기타개인서비스업,63.5
2022.03,전산업,74.1
2022.03,식료품,67.5
2022.03,음료,81.3
2022.03,섬유제품;의복제외,66.8
2022.03,"의복,의복악세서리및모피제품",70.9
2022.03,"가죽,가방및신발",63.4
2022.03,목재및나무제품;가구제외,61.7
2022.03,"펄프,종이및종이제품",76.6
2022.03,인쇄및기록매체복제업,69.5
2022.03,화학물질및화학제품;의약품제외,81.2
2022.03,의료용물질및의약품,78.4
2022.03,고무제품및플라스틱제품,64
2022.03,비금속광물제품,78.2
2022.03,1차금속,78
2022.03,금속가공제품;기계및가구제외,73.4
2022.03,"전자부품,컴퓨터,영상,음향및통신장비",84
2022.03,"의료,정밀,광학기기및시계",84.7
2022.03,전기장비,81.1
2022.03,기타기계및장비,79
2022.03,자동차및트레일러,93.5
2022.03,기타운송장비,74.5
2022.03,가구,74.4
2022.03,기타제품,70.6
2022.03,비제조업,73
2022.03,건설업,69.6
2022.03,도매 및 소매업,73.3
2022.03,운수업,73
2022.03,숙박 및 음식점업,61.3
2022.03,"출판,영상,방송통신 및 정보서비스업",79.1
2022.03,부동산업 및 임대업,70
2022.03,"전문,과학 및 기술서비스업",84.8
2022.03,사업시설관리 및 사업지원서비스업,87.2
2022.03,교육서비스업,69.2
2022.03,"예술,스포츠 및 여가관련서비스업",83.1
2022.03,수리 및 기타개인서비스업,64.4
2022.04,전산업,77.9
2022.04,식료품,74.2
2022.04,음료,94.3
2022.04,섬유제품;의복제외,66
2022.04,"의복,의복악세서리및모피제품",75.2
2022.04,"가죽,가방및신발",67.6
2022.04,목재및나무제품;가구제외,70
2022.04,"펄프,종이및종이제품",78.9
2022.04,인쇄및기록매체복제업,67.1
2022.04,화학물질및화학제품;의약품제외,74.2
2022.04,의료용물질및의약품,95.9
2022.04,고무제품및플라스틱제품,64.4
2022.04,비금속광물제품,83
2022.04,1차금속,76.9
2022.04,금속가공제품;기계및가구제외,73.5
2022.04,"전자부품,컴퓨터,영상,음향및통신장비",88.8
2022.04,"의료,정밀,광학기기및시계",87.4
2022.04,전기장비,77
2022.04,기타기계및장비,77.1
2022.04,자동차및트레일러,84.1
2022.04,기타운송장비,77
2022.04,가구,65.5
2022.04,기타제품,75.6
2022.04,비제조업,78.8
2022.04,건설업,72
2022.04,도매 및 소매업,80.2
2022.04,운수업,80.2
2022.04,숙박 및 음식점업,79.2
2022.04,"출판,영상,방송통신 및 정보서비스업",81.5
2022.04,부동산업 및 임대업,71.7
2022.04,"전문,과학 및 기술서비스업",85
2022.04,사업시설관리 및 사업지원서비스업,88
2022.04,교육서비스업,66.9
2022.04,"예술,스포츠 및 여가관련서비스업",86
2022.04,수리 및 기타개인서비스업,69
